enemy_script,texture,model,unkn_float1,unkn_float2,unkn_float3,unkn_float4,unkn_float5,unkn_short1,unkn_short2,unkn_byte,level,max_hp,start_hp,max_ep,start_ep,max_cp,start_cp,str,def,ats,adf,dex,agi,spd,move,exp,earth_res,water_res,fire_res,wind_res,time_res,space_res,mirage_res,poison,seal,mute,blind,sleep,burn,freeze,petrify,faint,confuse,deathblow,nightmare,delay,vanish,stat_down,slash,thrust,pierce,strike,earth,water,fire,wind,time,space,mirage,mass,drop1_id,drop1_chance,drop2_id,drop2_chance,unkn_float6,unkn_float7,flag,name,desc
mon000,C_MON000,mon000,0.800000011920929,1.8799999952316284,0.9399999976158142,0.0,3.0,2,1,0,4,312,312,155,155,0,0,91,315,55,0,26,0,49,3,35,110,100,155,80,100,100,100,50,50,50,100,20,100,150,50,50,50,100,20,100,100,150,200,10,10,10,1,3,0,3,0,3,1,3,14,15,1615,15,1.0,1.0,MS,Grass Drome,"A kind of spongy mollusk that
likes areas with high humidity.
Produces orbal energy in its
body and uses wind arts."
mon000_c00,C_MON000_C00,mon000,0.800000011920929,1.8799999952316284,0.9399999976158142,0.0,3.0,2,1,0,19,1315,1315,255,255,0,0,337,535,271,48,31,0,58,3,86,155,0,0,155,100,100,100,50,50,50,100,20,0,0,50,50,50,100,20,100,100,150,200,10,10,10,0,6,2,1,3,3,3,6,1611,15,1615,15,0.800000011920929,1.2000000476837158,MS,Ice Drome,"An icy cold mollusk that 
breeds in areas with lots of 
water. Creates orbal energy in 
its body and uses water arts."
mon000_c01,C_MON000_C01,mon000,0.800000011920929,1.8799999952316284,0.9399999976158142,0.0,3.0,2,1,0,34,2815,2815,355,355,0,0,518,660,324,96,46,0,63,3,139,0,155,155,0,100,100,100,50,50,50,100,20,100,150,50,50,50,100,20,100,100,150,200,10,10,10,3,3,5,4,5,2,4,9,1611,15,1615,15,0.800000011920929,1.2000000476837158,MS,Black Drome,"A mollusk as dark as the
abyss. Produces orbal 
energy in its body and 
uses time arts."
mon000_c02,C_MON000_C02,mon000,0.800000011920929,1.8799999952316284,0.9399999976158142,0.0,3.0,2,1,0,37,3315,3315,455,455,0,0,566,705,373,144,48,0,68,3,147,175,80,100,125,100,100,100,50,50,50,100,20,100,150,50,50,50,100,20,100,100,150,200,10,10,10,4,3,3,2,2,8,2,10,1608,15,1615,15,0.800000011920929,1.2000000476837158,MS,Flash Drome,"Mollusk that gives off light 
and stores it as a nutrient. 
Creates orbal energy in its 
body and uses space arts."
mon000_c03,C_MON000_C03,mon000,0.800000011920929,1.8799999952316284,0.9399999976158142,0.0,3.0,2,1,0,57,3815,3815,555,555,0,0,890,1135,423,192,64,0,72,3,262,155,0,0,100,100,100,100,50,50,50,100,20,0,150,50,50,50,100,20,100,100,150,200,10,10,10,3,2,8,5,3,4,6,15,1615,20,50,10,0.800000011920929,1.2000000476837158,MS,Magma Drome,"A mollusk which draws in 
heat as a nutrient. Creates 
orbal energy in its body 
and uses fire arts."
mon000_c04,C_MON000,mon000_c04,3.0,1.8799999952316284,0.9399999976158142,0.0,3.0,4,1,0,36,44950,44950,5555,5555,0,0,802,876,423,216,60,0,82,3,1600,110,100,155,65,100,100,100,50,50,50,100,20,100,20,0,50,50,0,20,20,0,100,200,10,10,10,21,25,24,22,19,22,21,65,2217,100,9999,0,1.0,1.0,MGS,Giant Drome,"A giant mollusk which inhabits
Heimdallr's underground. 
Attacks all by causing the
surrounding space to vibrate."
mon001,C_MON001,mon001,0.75,1.3300000429153442,0.6700000166893005,0.0,4.0,1,1,0,16,1280,1280,0,0,0,0,307,406,0,199,36,4,59,4,75,100,190,100,165,100,100,100,0,100,100,100,100,100,200,0,100,100,100,100,100,100,100,50,200,50,100,4,2,5,2,2,1,2,6,1615,20,1616,10,0.8999999761581421,1.100000023841858,MS,Egg Snake,"A reptilian monster that has
taken up living in the egg of
a large bird. Its fangs have
deadly poison inside them."
mon001_c00,C_MON001_C00,mon001,1.0,1.5,0.800000011920929,0.0,4.0,2,1,0,53,3500,3500,0,0,0,0,845,1219,0,456,69,4,87,4,235,100,190,100,165,100,100,100,0,100,100,100,100,100,200,0,100,100,100,100,100,100,100,50,200,50,100,4,3,4,2,5,4,4,15,1615,20,1614,10,0.8999999761581421,1.100000023841858,MS,Rock Serpent,"A serpent monster that lives
in an exceptionally hard egg
of a large bird. Its fangs can
petrify enemies."
mon002,C_MON002,mon002,1.5,3.0,2.5,5.0,5.0,3,1,0,26,6000,6000,0,0,0,0,735,669,0,559,48,1,69,5,215,90,110,100,120,100,100,100,100,100,100,150,150,50,50,100,150,100,50,150,100,100,100,50,50,50,100,6,5,4,6,4,4,4,16,50,80,2109,40,1.0,1.0,MGS,Rhinocider,"A monster covered by 
hardened skin. Its powerful 
charge attacks are strong 
enough to topple orbal cars."
mon002_c00,C_MON002_C00,mon002,0.75,2.5,1.75,5.0,5.0,2,1,0,46,8800,8800,0,0,0,0,869,827,0,539,61,1,61,5,215,90,110,100,120,100,100,100,100,100,100,150,150,50,50,100,150,100,50,150,100,100,100,50,50,50,100,6,2,6,3,5,10,3,16,1614,60,50,30,1.0,1.0,MGS,Goldcider,"A monster covered in a golden,
armor-like shell. Its immense
weight gives its charge
attacks incredible power."
mon004,C_MON004,mon004,1.0,1.25,0.5,0.0,4.0,1,1,0,8,808,808,0,0,0,0,194,193,0,92,25,3,58,4,49,100,120,120,100,100,100,100,100,100,100,50,150,150,50,100,150,100,100,100,100,100,150,200,200,200,200,3,1,4,0,1,2,3,4,14,20,1612,10,0.800000011920929,1.2000000476837158,MS,Crop Muncher,"A small monster that attacks
granaries. Be cautious of its
blinding sand attacks."
mon004_c00,C_MON004_C00,mon004,1.0,1.25,0.5,0.0,4.0,1,1,0,24,2013,2013,0,0,0,0,434,474,0,444,48,10,61,4,102,100,120,120,100,100,100,100,100,100,100,50,150,150,50,100,150,100,100,100,100,100,150,200,200,200,200,4,4,3,5,2,1,2,7,1610,10,1612,10,0.800000011920929,1.2000000476837158,MS,Grass Hopper,"A relatively docile monster
that subsists off grass.
...Or so you think, until it
kicks sand in your face."
mon005,C_MON005,mon005,1.0,1.0,0.5,0.0,4.0,1,1,0,6,727,727,0,0,0,0,170,176,0,120,33,3,66,4,39,120,100,180,100,100,100,100,100,100,100,100,150,150,100,100,100,100,100,100,100,100,150,50,200,200,50,1,2,1,2,1,2,2,3,23,20,1617,10,0.800000011920929,1.2000000476837158,MS,Pom,"A dastardly fluff. Steals 
EP and CP from those 
who dare touch it."
mon005_c00,C_MON005_C00,mon005,1.0,1.0,0.5,0.0,4.0,1,1,0,44,2427,2427,200,0,200,0,695,640,0,355,75,34,62,4,178,120,100,140,100,100,100,100,100,100,100,100,100,100,100,100,100,100,100,100,100,100,150,50,200,200,50,4,5,3,5,3,4,1,11,1603,20,1617,20,0.800000011920929,1.2000000476837158,MS,Grass Pom,"A subspecies of Pom that 
smells of fresh flowers. 
Absorbs CP and EP."
mon006,C_MON006,mon006,1.5,1.0,0.5,0.0,5.0,1,1,0,10,3200,3200,200,0,200,0,120,175,90,6,35,10,60,8,0,200,200,200,200,200,200,200,10,10,10,10,10,10,10,10,10,10,25,10,10,0,10,200,200,200,200,12,12,12,12,12,12,12,66,10,100,9999,0,1.0,1.0,MGS,Shining Pom,"A shining, dastardly fluff 
that absorbs CP and EP. 
Bewitches its foes using 
the bright light it emits."
mon006_c00,C_MON006,mon006,1.5,1.0,0.5,0.0,5.0,1,1,0,18,5640,5640,200,0,200,0,290,279,266,221,45,11,70,8,0,200,200,200,200,200,200,200,10,10,10,10,10,10,10,10,10,10,25,10,10,0,10,200,200,200,200,16,16,16,16,16,16,16,77,10,100,9999,0,1.0,1.0,MGS,Shining Pom,"A shining, dastardly fluff 
that absorbs CP and EP. 
Bewitches its foes using 
the bright light it emits."
mon006_c01,C_MON006,mon006,1.5,1.0,0.5,0.0,5.0,1,1,0,25,8889,8889,200,0,200,0,448,481,310,336,55,12,80,8,0,200,200,200,200,200,200,200,10,10,10,10,10,10,10,10,10,10,25,10,10,0,10,200,200,200,200,20,20,20,20,20,20,20,88,10,100,9999,0,1.0,1.0,MGS,Shining Pom,"A shining, dastardly fluff 
that absorbs CP and EP. 
Bewitches its foes using 
the bright light it emits."
mon006_c02,C_MON006,mon006,1.5,1.0,0.5,0.0,5.0,1,1,0,36,10125,10125,200,0,200,0,546,565,413,392,65,13,90,8,0,200,200,200,200,200,200,200,10,10,10,10,10,10,10,10,10,10,25,10,10,0,10,200,200,200,200,24,24,24,24,24,24,24,99,10,100,9999,0,1.0,1.0,MGS,Shining Pom,"A shining, dastardly fluff 
that absorbs CP and EP. 
Bewitches its foes using 
the bright light it emits."
mon006_c03,C_MON006,mon006,1.5,1.0,0.5,0.0,5.0,1,1,0,46,18500,18500,200,0,200,0,617,630,491,480,75,14,105,8,0,200,200,200,200,200,200,200,10,10,10,10,10,10,10,10,10,10,25,10,10,0,10,200,200,200,200,28,28,28,28,28,28,28,111,10,100,9999,0,1.0,1.0,MGS,Shining Pom,"A shining, dastardly fluff 
that absorbs CP and EP. 
Bewitches its foes using 
the bright light it emits."
mon006_c04,C_MON006,mon006,1.5,1.0,0.5,0.0,5.0,1,1,0,56,24444,24444,200,0,200,0,699,716,559,560,85,15,120,8,0,200,200,200,200,200,200,200,10,10,10,10,10,10,10,10,10,10,25,10,10,0,10,200,200,200,200,32,32,32,32,32,32,32,122,10,100,9999,0,1.0,1.0,MGS,Shining Pom,"A shining, dastardly fluff 
that absorbs CP and EP. 
Bewitches its foes using 
the bright light it emits."
mon006_c05,C_MON006,mon006,1.5,1.0,0.5,0.0,5.0,1,1,0,63,37900,37900,200,0,200,0,786,896,630,632,95,16,135,8,0,200,200,200,200,200,200,200,10,10,10,10,10,10,10,10,10,10,25,10,10,0,10,200,200,200,200,36,36,36,36,36,36,36,133,10,100,9999,0,1.0,1.0,MGS,Shining Pom,"A shining, dastardly fluff 
that absorbs CP and EP. 
Bewitches its foes using 
the bright light it emits."
mon006a,C_MON006,mon006,0.8999999761581421,1.0,0.5,0.0,5.0,1,1,0,9,2560,2560,200,0,200,0,110,165,80,2,30,8,55,8,0,200,200,200,200,200,200,200,10,10,10,10,10,10,10,10,10,10,50,10,10,0,10,200,200,200,200,8,8,8,8,8,8,8,33,9999,0,9999,0,1.0,1.0,MGS,Shining Pom,"A shining, dastardly fluff 
that absorbs CP and EP. 
Bewitches its foes using 
the bright light it emits."
mon006_c00a,C_MON006,mon006,0.8999999761581421,1.0,0.5,0.0,5.0,1,1,0,17,4512,4512,200,0,200,0,274,266,231,203,40,9,65,8,0,200,200,200,200,200,200,200,10,10,10,10,10,10,10,10,10,10,50,10,10,0,10,200,200,200,200,12,12,12,12,12,12,12,44,9999,0,9999,0,1.0,1.0,MGS,Shining Pom,"A shining, dastardly fluff 
that absorbs CP and EP. 
Bewitches its foes using 
the bright light it emits."
mon006_c01a,C_MON006,mon006,0.8999999761581421,1.0,0.5,0.0,5.0,1,1,0,24,6789,6789,200,0,200,0,428,457,290,307,50,10,75,8,0,200,200,200,200,200,200,200,10,10,10,10,10,10,10,10,10,10,50,10,10,0,10,200,200,200,200,16,16,16,16,16,16,16,55,9999,0,9999,0,1.0,1.0,MGS,Shining Pom,"A shining, dastardly fluff 
that absorbs CP and EP. 
Bewitches its foes using 
the bright light it emits."
mon006_c02a,C_MON006,mon006,0.8999999761581421,1.0,0.5,0.0,5.0,1,1,0,35,9125,9125,200,0,200,0,511,543,392,385,60,11,85,8,0,200,200,200,200,200,200,200,10,10,10,10,10,10,10,10,10,10,50,10,10,0,10,200,200,200,200,20,20,20,20,20,20,20,66,9999,0,9999,0,1.0,1.0,MGS,Shining Pom,"A shining, dastardly fluff 
that absorbs CP and EP. 
Bewitches its foes using 
the bright light it emits."
mon006_c03a,C_MON006,mon006,0.8999999761581421,1.0,0.5,0.0,5.0,1,1,0,45,14750,14750,200,0,200,0,595,616,469,462,70,12,95,8,0,200,200,200,200,200,200,200,10,10,10,10,10,10,10,10,10,10,50,10,10,0,10,200,200,200,200,24,24,24,24,24,24,24,77,9999,0,9999,0,1.0,1.0,MGS,Shining Pom,"A shining, dastardly fluff 
that absorbs CP and EP. 
Bewitches its foes using 
the bright light it emits."
mon006_c04a,C_MON006,mon006,0.8999999761581421,1.0,0.5,0.0,5.0,1,1,0,55,21000,21000,200,0,200,0,676,699,532,539,80,13,105,8,0,200,200,200,200,200,200,200,10,10,10,10,10,10,10,10,10,10,50,10,10,0,10,200,200,200,200,28,28,28,28,28,28,28,88,9999,0,9999,0,1.0,1.0,MGS,Shining Pom,"A shining, dastardly fluff 
that absorbs CP and EP. 
Bewitches its foes using 
the bright light it emits."
mon006_c05a,C_MON006,mon006,0.8999999761581421,1.0,0.5,0.0,5.0,1,1,0,62,29800,29800,200,0,200,0,766,875,617,612,90,14,115,8,0,200,200,200,200,200,200,200,10,10,10,10,10,10,10,10,10,10,50,10,10,0,10,200,200,200,200,32,32,32,32,32,32,32,99,9999,0,9999,0,1.0,1.0,MGS,Shining Pom,"A shining, dastardly fluff 
that absorbs CP and EP. 
Bewitches its foes using 
the bright light it emits."
mon007,C_MON007,mon007,0.4000000059604645,1.75,1.25,0.0,4.0,3,1,0,54,2998,2998,999,999,0,0,855,1393,415,22,66,28,99,4,214,160,0,0,100,100,100,100,100,100,100,100,100,50,0,100,100,100,100,100,100,100,100,50,200,200,50,6,7,3,3,2,3,4,15,1617,20,50,10,0.8999999761581421,1.100000023841858,MS,Cryon Bit,"A rare infant monster. Has the
unusual habit of freezing its
prey before consuming it."
mon008,C_MON008,mon008,1.0,1.7999999523162842,0.30000001192092896,0.0,5.0,1,1,0,47,1990,1990,999,999,0,0,748,680,328,461,58,28,88,5,185,100,165,80,100,90,155,100,20,20,20,20,20,20,20,20,20,20,20,0,20,20,50,50,50,200,10,2,3,7,3,4,3,4,13,22,30,3,20,0.800000011920929,1.2000000476837158,MS,Shadow Spirit,"An eerie spirit that lacks
a solid body. Gives those who
hear it nightmares, causing
them to lose their sanity."
mon008_c00,C_MON008_C00,mon008,1.0,1.7999999523162842,0.30000001192092896,0.0,5.0,1,1,0,51,4990,4990,1999,1999,0,0,748,832,431,561,63,18,93,5,190,100,165,80,100,90,155,100,20,20,20,20,20,20,20,20,20,20,20,0,20,20,50,50,50,200,10,3,4,7,3,2,5,3,14,1617,20,50,10,0.800000011920929,1.2000000476837158,MS,Ghost Soul,"A spirit formed from grudges.
Its ominous voice beckons all
humans who hear it to an
eternal slumber."
mon009,C_MON009,mon009,1.0,1.0,0.5,0.0,4.0,1,1,0,34,2427,2427,0,0,0,0,451,520,0,405,80,12,74,5,144,100,100,120,100,100,100,100,50,100,100,50,100,150,150,100,150,150,150,150,50,100,150,100,50,50,200,4,4,7,3,1,4,3,9,1610,20,1614,10,0.800000011920929,1.2000000476837158,MS,Dirty Rat,"A rat monster which lives in
dark underground areas. 
Pounces on enemies unnoticed,
delaying their movement."
mon009_c00,C_MON009_C00,mon009,1.0,1.0,0.5,0.0,4.0,1,1,0,19,1611,1611,0,0,0,0,375,447,0,375,45,10,64,5,79,100,100,120,150,100,100,100,50,100,100,50,100,150,150,100,150,150,150,150,50,100,150,100,50,50,200,4,1,3,2,2,3,2,6,1614,10,50,5,0.800000011920929,1.2000000476837158,MS,Jewel Rat,"A quick-witted rat monster
with horns as hard as jewels. 
Beware its pounce attack."
mon012,C_MON012,mon012,0.800000011920929,1.25,0.800000011920929,0.0,5.0,1,1,0,45,2096,2096,0,0,0,0,742,674,0,425,52,14,78,5,190,160,40,140,100,100,100,100,50,100,100,100,150,200,50,100,150,150,200,150,100,100,150,50,50,50,50,1,5,4,6,5,4,4,14,50,60,220,20,0.8999999761581421,1.2000000476837158,MS,Coco Panda,"An intelligent, bipedal 
monster. Beats humans who 
pass by with a stick it made 
from a tree branch."
mon013,C_MON013,mon013,0.800000011920929,1.25,0.800000011920929,0.0,5.0,1,1,0,12,1296,1296,0,0,0,0,295,254,0,99,31,12,51,5,78,100,120,160,150,100,100,100,50,100,100,100,150,200,50,100,150,150,200,150,100,100,150,50,50,50,50,3,6,2,2,4,4,3,12,1612,60,50,20,0.8999999761581421,1.2000000476837158,MS,Sasa Panda,"A surprisingly ferocious panda
monster. Wields a piece of
bamboo like a weapon to fight
off its enemies."
mon014,C_MON014,mon014,0.800000011920929,1.25,0.800000011920929,0.0,5.0,1,1,0,18,1288,1288,0,0,0,0,403,366,0,199,34,16,78,5,84,100,80,180,175,100,100,100,50,100,100,100,150,200,50,100,150,150,200,150,100,100,150,50,50,50,50,2,6,3,6,2,3,4,15,1612,60,50,20,0.8999999761581421,1.2000000476837158,MS,Green Raccoon,"A small and extremely 
cautious raccoon. The stick it
always carries around was
taken from a poisonous plant."
mon015,C_MON015,mon015,1.0,2.75,0.5,0.0,4.0,1,1,0,21,1476,1476,530,530,0,0,432,392,197,187,44,24,74,4,90,100,100,100,100,100,100,100,50,100,100,100,50,100,100,100,50,100,100,50,100,100,50,50,50,100,200,2,1,1,3,4,4,5,7,1617,20,50,10,1.0,1.0,MS,Orderbelisk,"A mysterious, floating pillar.
Uses powerful space arts to 
erase intruders from existence."
mon015_c01,C_MON015_C01,mon015,1.0,2.75,0.5,0.0,4.0,1,1,0,63,2600,2600,9999,9999,0,0,1006,1813,388,509,75,25,104,4,274,100,100,100,100,100,125,100,50,100,100,100,50,100,100,50,50,100,100,100,100,100,100,50,50,100,200,4,4,5,6,6,6,5,20,50,20,5,10,1.0,1.0,MS,Judge Pillar,"A heavenly pillar which acts
as a judge. Stops those who 
touch it from moving, and 
uses healing arts."
mon016,C_MON016,mon016,1.0,2.0,0.5,0.0,4.0,2,1,0,37,3500,3500,0,0,0,0,629,522,0,482,50,4,72,4,154,140,90,125,100,100,100,100,100,100,100,100,100,50,150,100,100,150,50,100,100,100,150,50,200,50,50,1,5,6,3,4,4,3,10,1613,15,1614,5,0.8999999761581421,1.100000023841858,MS,Sharkodile,"An aquatic monster that lives
in underground waterways. 
Has a giant mouth that 
lets it tear through prey."
mon017,C_MON017,mon017,1.0,2.0,1.75,0.0,4.0,2,1,0,39,37500,37500,0,0,0,0,1230,898,0,398,59,1,80,4,1680,125,80,115,100,100,100,100,100,20,100,100,100,100,50,0,100,100,0,100,20,0,100,100,200,50,200,22,28,22,25,23,22,20,65,50,100,2161,80,1.0,1.0,MGS,Great Sharkodile,"An aquatic monster that rules
the capital's underground
waterways. Its jaw is strong
enough to grind bone to dust."
mon018,C_MON018,mon018,1.0,2.0,0.75,0.0,4.0,1,1,0,27,1415,1415,0,0,0,0,444,416,0,0,58,38,66,5,108,80,30,200,70,100,100,100,100,100,100,100,100,100,100,100,100,100,100,100,100,100,100,50,200,50,50,2,3,2,3,3,3,3,7,15,20,1612,10,0.8999999761581421,1.100000023841858,MS,Creepy Sheep,"A dynamic sheep monster. 
Capable of using an unusual
boxing style that lets it put
its foes to sleep."
mon019,C_MON019,mon019,1.0,2.5,0.75,3.0,5.0,1,1,0,15,7496,7496,0,0,0,0,323,306,0,188,44,0,63,5,342,145,100,90,100,150,100,100,50,20,100,100,100,50,100,0,50,100,0,10,100,0,50,10,10,10,50,10,11,9,12,14,14,14,35,50,100,2216,60,1.0,1.0,MGS,Cherubic Gate,"A floor guardian that has 
merged with a door. Fires
light rays from the jewel at 
its center to confuse foes. "
mon019_c00,C_MON019_C00,mon019,1.0,2.5,0.75,3.0,5.0,1,1,0,33,12496,12496,9999,9999,0,0,599,1999,0,333,59,0,73,5,666,145,100,90,100,150,100,100,50,20,100,100,100,50,100,0,50,100,0,10,100,0,50,10,10,10,50,16,19,18,20,10,10,10,50,50,100,2308,60,1.0,1.0,MGS,Seraphic Gate,"A glistening floor guardian.
Unleashes rays of light and
lowers foes' mobility with a
cursed roar."
mon020,C_MON020,mon020,1.0,1.5,1.25,0.0,4.0,1,1,0,13,2496,2496,0,0,0,0,322,319,0,168,27,1,56,5,78,100,100,135,100,100,100,100,50,100,100,100,50,150,50,100,50,100,100,150,100,100,100,100,50,50,50,5,2,5,2,3,3,4,12,1612,40,50,20,1.0,1.25,MS,Gordi Chief,"A primate that dwells in
the forest. Its blows are so
powerful that they knock 
the recipient unconscious."
mon020_c00,C_MON020_C00,mon020,1.0,1.5,1.25,0.0,4.0,1,1,0,46,4496,4496,0,0,0,0,716,719,0,489,45,2,66,5,199,100,100,135,100,100,100,100,50,100,100,100,50,150,50,100,50,100,100,150,100,100,100,100,50,50,50,6,4,4,5,4,4,3,13,1612,80,50,20,1.0,1.25,MS,Gordi Schnarr,"A large monkey monster 
that lives deep in the forest. 
Its powerful arms are capable 
of dealing devastating blows."
mon021,C_MON021,mon021,1.0,2.0,0.8999999761581421,0.0,4.0,1,1,0,17,1212,1212,0,0,0,0,401,389,0,180,35,3,80,3,74,100,170,125,100,100,100,100,100,100,100,100,100,100,100,100,100,100,100,100,100,100,100,100,200,100,100,1,5,2,5,0,2,3,5,6,15,1614,15,0.8999999761581421,1.100000023841858,MS,War Mantis,"A large mantis monster. 
Wields an incredibly sharp
scythe capable of decapitating
its prey in a single strike."
mon021_c00,C_MON021_C00,mon021,1.0,2.0,0.8999999761581421,0.0,4.0,1,1,0,54,4500,4500,0,0,0,0,1016,874,0,417,60,4,88,5,248,100,170,125,100,100,100,100,100,100,100,100,100,150,150,100,100,100,100,100,100,100,100,100,200,100,100,4,1,8,2,5,3,5,15,6,20,1614,20,0.8999999761581421,1.100000023841858,MS,Death Sickle,"A bipedal mantis monster. Has
sharp sickles on its forelegs
and attacks humans' necks on
sight."
mon022,C_MON022,mon022,1.0,1.0,1.0,0.0,5.0,2,1,0,8,944,944,0,0,0,0,214,156,0,88,31,3,60,5,59,100,100,135,100,100,100,100,100,50,100,150,100,150,50,100,50,100,100,100,100,100,100,50,400,50,50,4,2,5,3,0,0,0,4,0,10,1612,10,1.0,1.2000000476837158,MS,Fanged Wolf,"A wolf monster that moves in
packs. Attacks prey with its
powerful fangs."
mon022_c00,C_MON022_C00,mon022,1.0,1.0,1.0,0.0,5.0,2,1,0,53,4496,4496,0,0,0,0,1049,870,0,323,65,9,98,5,235,100,100,135,100,100,100,100,100,50,100,150,100,150,50,100,50,100,100,100,100,100,100,50,400,50,50,4,3,6,3,6,3,2,15,1612,15,1616,15,1.0,1.2000000476837158,MS,Greedy Wolf,"A greedy wolf that came from
the mountains in search of 
food. Pursues prey endlessly,
attacking its windpipe first."
mon022_c01,C_MON022_C01,mon022,1.0,1.0,1.0,0.0,5.0,2,1,0,27,2980,2980,0,0,0,0,489,471,0,0,48,6,78,5,117,100,100,135,100,100,100,100,100,50,100,150,100,150,50,100,50,100,100,100,100,100,100,50,400,50,50,2,6,5,6,1,1,1,8,0,10,1612,10,1.0,1.2000000476837158,MS,White Fang,"A wolf monster with white
fur. Roams the highlands
and always hunts together
with its pack."
mon023,C_MON023,mon023,1.0,1.0,0.75,0.0,5.0,2,1,0,53,5555,5555,0,0,0,0,837,786,0,333,57,11,88,5,239,50,50,135,150,100,100,100,100,100,100,100,100,100,100,100,150,150,100,100,100,100,100,100,200,100,100,3,7,7,4,2,2,2,15,1613,20,220,5,0.800000011920929,1.2000000476837158,MS,Mad Penguin,"An avian monster that lives in
bogs and throws small fish.
It can't fly, but it doesn't
care, either."
mon024,C_MON024,mon024,0.75,2.6700000762939453,0.6700000166893005,0.0,4.0,3,1,0,34,3500,3500,0,0,0,0,542,551,0,0,53,16,72,4,141,130,100,140,100,100,100,100,100,100,100,100,50,150,100,100,100,100,100,100,100,100,100,50,50,200,50,4,3,5,6,2,3,4,10,1612,15,1616,15,0.800000011920929,1.2000000476837158,MS,Ball Bat,"An exceptionally heavy bat
monster. Tackles enemies from
the air with incredible force,
knocking them back."
mon024_c00,C_MON024_C00,mon024,0.75,2.6700000762939453,0.6700000166893005,0.0,4.0,3,1,0,54,5890,5890,0,0,0,0,912,972,0,668,67,10,72,4,253,130,100,140,100,100,100,100,100,100,100,100,50,150,100,100,100,100,100,100,100,100,100,50,50,200,50,3,6,3,6,3,4,4,15,1616,20,50,10,0.800000011920929,1.2000000476837158,MS,Metal Bat,"A large bat monster. A steady 
diet of ore has made its fur 
as hard as steel."
mon025,C_MON025,mon025,0.800000011920929,2.5,0.9399999976158142,0.0,4.0,8,1,0,47,4949,4949,0,0,0,0,878,748,0,666,69,4,80,4,200,110,100,100,100,155,195,105,50,50,50,50,0,50,50,100,50,0,50,0,100,100,100,50,100,50,100,6,3,6,3,5,4,4,14,1614,20,50,20,0.8999999761581421,1.100000023841858,MS,Death Slugger,"A purgatorial tank that mows
down sinners in its wake. 
Moves ceaselessly, firing its
cannon with reckless abandon."
mon025_c00,C_MON025_C00,mon025,0.800000011920929,2.5,0.9399999976158142,0.0,4.0,1,1,0,47,4949,4949,0,0,0,0,578,598,0,666,49,4,80,4,194,110,100,100,100,155,195,105,50,50,50,50,0,50,50,100,50,0,50,0,100,100,100,50,100,50,100,4,1,4,5,8,1,1,5,9999,0,9999,0,0.8999999761581421,1.100000023841858,MS,Demon Rider,"Tank made by alchemy, it
can pulverize anything with
its cannon. Its charge attack
slays warriors in one strike."
mon026,C_MON026,mon026,1.0,2.0,1.0,0.0,4.0,1,1,0,46,18500,18500,0,0,0,0,855,788,0,600,64,2,90,4,1440,100,100,100,100,100,100,100,0,100,100,100,0,100,100,0,100,100,0,0,100,0,100,100,100,100,200,22,22,22,22,20,20,20,65,2272,100,9999,0,1.0,1.0,MGS,Phalanx J9,"A mechanical monster. Has
immense firepower, but all
else about it is unknown."
mon026_c00,C_MON026,mon026,1.0,2.0,1.0,0.0,4.0,1,1,0,50,5550,5550,0,0,0,0,822,840,0,700,64,2,79,3,215,100,100,100,100,100,100,100,0,100,100,100,0,100,100,0,100,100,0,0,100,100,100,100,100,100,200,6,6,6,6,4,4,4,14,7,10,50,10,1.0,1.0,MGS,Phalanx J9,"An archaism designed to aid in
conquering enemy strongholds.
Fires small missiles effective
against bunched-up foes."
mon026_c01,C_MON026,mon026,1.0,2.0,1.0,0.0,4.0,1,1,0,58,8750,8750,0,0,0,0,1037,1010,0,800,64,2,89,3,263,100,100,100,100,100,100,100,0,100,100,100,0,100,100,0,100,100,0,0,100,100,100,100,100,100,200,6,6,6,6,5,5,5,18,7,10,50,10,1.0,1.0,MGS,Phalanx J9,"An archaism designed to aid in
conquering enemy strongholds.
Fires small missiles effective
against bunched-up foes."
mon026_c02,C_MON026,mon026,1.0,2.0,1.0,0.0,4.0,1,1,0,50,5550,5550,0,0,0,0,627,790,0,700,30,2,85,3,225,100,100,100,100,100,100,100,0,100,100,100,0,100,100,0,100,100,0,0,100,100,100,100,100,100,200,5,5,5,5,4,4,4,13,9999,0,9999,0,1.0,1.0,MGS,Phalanx J9,"An archaism designed to aid in
conquering enemy strongholds.
Fires small missiles effective
against bunched-up foes."
mon027,C_MON027,mon027,1.0,2.0,1.0,0.0,4.0,1,1,0,18,14420,14420,0,0,0,0,483,526,0,0,43,5,78,5,1228,100,130,80,110,100,100,100,50,50,50,100,50,100,100,10,100,50,0,50,50,0,50,50,50,10,50,19,9,17,13,16,14,15,45,2262,100,9999,0,1.0,1.0,MGS,Fate Spinner,"A menacing monster with two
sharp claws. Attacks with a
poisonous liquid that causes 
fires and hallucinations."
mon027_c00,C_MON027,mon027,1.0,2.0,1.0,0.0,4.0,1,1,0,39,6210,6210,0,0,0,0,690,736,0,498,60,10,62,5,159,100,130,80,110,100,100,100,50,50,50,100,50,100,100,10,100,50,0,50,50,0,50,50,50,10,50,4,2,6,2,6,4,5,15,1614,20,50,10,0.8999999761581421,1.100000023841858,MGS,Fate Spinner,"A menacing monster with two
sharp claws. Attacks with a
poisonous liquid that causes 
fires and hallucinations."
mon028,C_MON028,mon028,0.25,4.0,1.600000023841858,0.0,5.0,4,1,0,9,226,226,0,0,0,0,138,19,0,0,27,99,88,6,71,165,110,200,200,100,100,100,50,50,100,100,100,0,200,100,100,0,100,50,100,50,50,200,50,50,100,6,9,2,0,3,2,0,10,1607,100,50,50,0.8999999761581421,1.100000023841858,MS,Acerbic Tomartian,"A living acerbic tomato, born
from a sudden mutation. Its
juices are bitter enough to
make you go insane."
mon028_c00,C_MON028_C00,mon028,0.25,4.0,1.600000023841858,0.0,5.0,4,1,0,56,2260,2260,0,0,0,0,960,29,0,0,70,108,108,6,240,165,110,200,200,100,100,100,50,50,100,100,100,0,200,100,100,0,100,50,100,50,50,200,50,50,100,10,16,4,0,7,5,2,24,1607,100,50,50,0.8999999761581421,1.100000023841858,MS,Hellish Tomartian,"A mutation of a mutation,
with an obscenely hellish
level of bitterness."
mon029,C_MON029,mon029,1.0,2.0,2.5,0.0,5.0,3,1,0,26,19000,19000,0,0,0,0,585,528,350,0,59,2,70,3,910,160,100,100,0,100,100,100,100,20,100,100,100,100,100,0,100,100,0,100,20,0,100,50,200,50,10,12,19,15,25,19,20,16,55,2282,100,9999,0,1.0,1.0,MGS,Thunder Quaker,"An ancient fish capable of
producing electricity in its
body. Can char foes within
a wide area."
mon030,C_MON030,mon030,1.0,2.0,0.75,0.0,4.0,1,1,0,47,5250,5250,300,300,0,0,743,882,445,447,60,0,75,4,196,125,100,100,100,175,60,80,0,100,0,0,0,50,50,150,50,0,50,0,100,100,100,50,50,50,200,3,2,2,2,4,7,6,13,0,15,50,10,0.8999999761581421,1.100000023841858,MS,Wandering Armor,"A suit of armor from the
Middle Ages that gained the
ability to move in a strange
environment. Very sturdy."
mon032,C_MON032,mon032,1.0,2.25,0.25,0.0,4.0,1,1,0,47,1800,1800,0,0,0,0,765,539,0,421,69,16,91,4,190,130,100,100,100,190,95,100,0,100,0,0,0,50,50,150,50,0,50,0,100,100,100,50,50,50,400,3,4,3,7,5,2,2,13,6,15,50,10,0.8999999761581421,1.100000023841858,MS,Wandering Sword,"A sword from the Middle Ages
capable of fighting by itself.
Can take the life of an
intruder in a single blow."
mon037,C_MON037,mon037,1.0,5.349999904632568,1.5,0.0,5.0,3,1,0,49,49490,49490,0,0,200,0,916,884,0,657,71,8,99,3,3400,135,100,80,50,105,150,125,0,20,100,0,0,20,20,0,20,20,0,0,20,0,50,50,50,50,10,39,36,30,30,42,30,33,120,10,100,9999,0,1.0,1.0,MGS,Nosferatu,"An immortal king from ancient
legends with authority over
souls. Takes the souls of the
innocent and devours them."
mon038,C_MON038,mon038,1.0,1.75,0.25,0.0,0.0,0,0,0,60,1000,1000,0,0,0,0,1000,200,0,0,0,0,0,0,0,100,100,100,100,100,100,100,0,0,0,0,0,0,0,0,0,0,0,0,0,0,0,10,10,10,10,0,0,0,0,0,0,0,0,9999,0,9999,0,1.0,1.0,MS,NT-I,"A self-detonating mine set 
by C. Causes a large-scale
explosion."
mon039,C_MON039,mon039,1.0,2.5,1.0,2.0,4.0,1,1,0,40,8830,8830,0,0,200,50,837,761,0,404,65,20,85,5,1280,100,100,40,80,100,145,100,100,50,100,100,50,50,50,0,20,50,0,50,50,0,100,100,100,200,200,4,5,4,4,7,6,7,22,2,100,8,60,1.0,1.0,MGS,Cursed Sculpture,"A devil said to have existed
since the Dark Ages. With its
spread wings, it is a symbol
of fear."
mon039_c00,C_MON039_C00,mon039,1.0,2.5,1.5,2.0,4.0,2,1,0,23,12800,12800,0,0,200,50,433,392,0,187,54,10,74,5,555,100,100,40,80,100,145,100,100,50,100,100,50,50,50,0,20,50,0,50,50,0,100,100,100,200,200,16,12,16,18,13,12,13,45,50,100,2248,60,1.0,1.0,MGS,Pit Demon,"A devil's minion, mentioned in
the Testaments. Charms foes
with waves, luring them into
an eternal slumber."
mon040,C_MON040,mon040,1.0,2.0,0.75,0.0,5.0,1,1,0,4,511,511,0,0,0,0,98,154,0,82,33,4,56,5,34,100,100,140,100,100,100,100,100,100,100,100,200,150,150,100,100,100,100,100,100,100,100,100,100,200,100,2,1,3,3,1,0,0,3,1612,20,50,10,1.0,1.0,MS,Flying Feline,"A winged feline monster. 
Relentlessly pursues its
prey, attacking with kicks
from above."
mon040_c00,C_MON040_C00,mon040,1.0,2.0,0.75,0.0,5.0,1,1,0,19,1433,1433,0,0,0,0,360,391,0,361,34,22,66,5,84,100,160,140,100,100,100,100,100,50,100,0,200,150,150,100,50,100,100,100,50,100,100,100,100,200,100,3,2,3,5,2,1,2,6,1612,20,6,10,0.800000011920929,1.100000023841858,MS,White Feline,"A subspecies of flying feline
with white fur. Once raised 
as a pet by a noble, but was
abandoned and turned feral."
mon041,C_MON041,mon041,1.0,1.5,0.75,0.0,4.0,1,1,0,6,851,851,0,0,0,0,198,300,0,85,28,1,60,5,35,100,100,100,150,100,100,100,100,100,100,100,100,100,100,100,100,100,100,100,100,100,100,100,200,100,400,4,2,2,2,1,0,1,3,1609,20,1615,10,0.800000011920929,1.0,MS,Dastardly Amalgam,"A mollusk monster that covers
itself with broken stones and
rocks for protection."
mon041_c00,C_MON041_C00,mon041,1.0,1.5,0.75,0.0,4.0,1,1,0,41,2851,2851,0,0,0,0,689,899,0,300,55,1,73,5,174,100,100,100,150,100,100,100,100,100,100,100,100,0,0,100,100,100,100,100,100,100,100,100,200,100,400,5,6,0,0,3,6,5,11,1615,30,50,10,0.800000011920929,1.0,MS,Frost Biter,"A mollusk monster covered
with very cold minerals. All
who touch it turn to ice."
mon042,C_MON042,mon042,1.0,1.0,0.75,0.0,4.0,1,1,0,4,465,465,0,0,0,0,111,225,0,51,38,4,61,5,33,100,100,170,100,100,100,100,50,100,100,100,100,100,150,100,100,100,100,100,100,100,100,50,200,50,200,2,2,3,1,1,0,1,3,21,10,1614,10,1.0,1.0,MS,Coin Beetle,"A golden-colored beetle. Its 
carapace is hard like a coin."
mon042_c00,C_MON042_C00,mon042,1.0,1.0,0.75,0.0,4.0,1,1,0,57,3178,3178,0,0,0,0,901,1303,0,662,44,2,95,5,240,100,130,140,125,100,100,100,50,100,100,100,100,50,150,50,100,100,100,100,100,100,100,50,200,50,200,5,4,5,5,3,3,3,16,1614,10,50,10,0.800000011920929,1.100000023841858,MS,Metal Beetle,"A beetle with a metallic
shell. Was once frequently
dug up when people mistook 
them for actual ore."
mon043,C_MON043,mon043,0.800000011920929,1.25,1.25,0.0,5.0,2,1,0,16,1346,1346,0,0,0,0,367,314,0,156,49,8,87,6,82,175,100,135,100,100,100,100,50,100,100,100,150,150,50,100,50,100,100,50,100,100,100,100,200,100,100,3,4,6,5,0,0,0,5,0,10,1612,10,0.8999999761581421,1.100000023841858,MS,Attack Dog,"A canine monster with a 
violent temperament. Known
for the spines covering much
of its body."
mon043_c00,C_MON043_C00,mon043_c00,0.800000011920929,1.25,1.25,0.0,5.0,2,1,0,47,3611,3611,0,0,0,0,851,764,0,641,74,10,88,6,196,175,100,135,100,100,120,185,50,100,100,100,150,150,50,100,50,100,100,50,100,100,100,100,200,100,100,4,6,4,6,3,2,2,13,11,20,1612,20,0.8999999761581421,1.100000023841858,MS,Dark Canine,"A nocturnal canine monster
that made its way into the
castle. Aggressive, with
poison in its claws."
mon043_c01,C_MON043,mon043,1.25,1.600000023841858,1.399999976158142,0.0,5.0,2,1,0,57,7692,7692,0,0,0,0,1057,933,0,621,74,12,89,6,270,175,100,135,100,100,100,100,50,100,100,100,150,150,50,100,50,100,100,50,100,100,100,100,200,100,100,4,8,8,5,3,3,3,18,1612,30,1,10,1.0,1.100000023841858,MS,Attack Dog G,"The name given to especially
large attack dogs. They are
even more dangerous than
the regular kind."
mon044,C_MON044,mon044,1.0,2.0,0.75,0.0,4.0,2,1,0,11,1228,1228,0,0,0,0,213,278,0,105,30,4,45,5,66,125,100,140,80,100,100,100,150,100,100,50,150,150,200,150,50,100,100,50,100,100,100,100,100,200,100,2,0,4,4,2,2,2,4,1617,10,1614,10,0.800000011920929,1.2000000476837158,MS,Blade Horn,"A large insect monster with a
horn resembling a blade. Uses
it to forcefully shatter foes."
mon044_c00,C_MON044_C00,mon044,1.0,2.0,0.75,0.0,4.0,2,1,0,53,5028,5028,0,0,0,0,908,1002,0,495,56,35,91,5,233,125,100,140,80,100,100,100,150,100,100,50,150,150,200,150,50,100,100,50,100,100,100,100,100,200,100,3,7,7,7,4,3,4,15,19,20,1617,15,0.800000011920929,1.2000000476837158,MS,Blue Horn,"A beetle covered with a hard
shell. Knocks prey unconscious
with its powerful horn."
mon044_c01,C_MON044_C01,mon044_c01,1.0,2.0,0.75,0.0,4.0,2,1,0,11,1207,1207,0,0,0,0,215,275,0,0,30,4,57,5,67,125,100,140,80,100,100,100,150,100,100,50,150,150,200,150,50,100,100,50,100,100,100,100,100,200,100,3,0,5,5,1,1,1,4,1617,10,1614,10,0.800000011920929,1.2000000476837158,MS,Blade Pincer,"An arthropod monster with a 
pair of sharp pincers and a 
hard shell. Loathed by people
for munching on crops."
mon044_c02,C_MON044_C02,mon044_c01,1.0,2.0,0.75,0.0,4.0,2,1,0,53,4017,4017,0,0,0,0,970,1025,0,398,69,35,88,5,229,125,100,140,80,100,100,100,150,100,100,50,150,150,200,150,50,100,100,50,100,100,100,100,100,200,100,5,2,8,3,3,1,5,15,1617,15,1614,10,0.800000011920929,1.2000000476837158,MS,Steel Ladybug,"A beetle monster with a shell
of steel. Its sharp claws can
snap trees in half."
mon045,C_MON045,mon045,0.75,4.0,1.3300000429153442,1.5,4.0,3,1,0,13,2001,2001,0,0,0,0,343,325,0,136,43,12,64,5,69,80,120,80,100,100,100,100,50,100,100,100,50,50,100,100,100,100,100,100,100,100,100,50,50,100,100,2,2,4,4,3,2,3,5,0,15,50,15,0.8999999761581421,1.100000023841858,MS,Claydoll,"An ancient humanoid that
roams the old schoolhouse's
underground area, repelling
intruders."
mon046,C_MON046,mon046,1.0,5.0,1.5,0.0,4.0,3,1,0,5,8270,8270,4140,4140,0,0,289,135,109,199,24,2,72,4,512,125,100,120,100,100,100,100,100,20,100,100,50,100,100,0,0,50,0,20,50,0,50,50,50,50,100,12,7,10,13,5,10,12,40,2112,100,9999,0,1.0,1.0,MEGS,Iglute Garmr,"A stone gargoyle spoken of in
Erebonian legends. Repels
intruders with powerful
gusts of wind."
mon046_c00,C_MON046_C00,mon046_c00,1.0,3.0,1.5,0.0,4.0,3,1,0,5,8270,8270,4140,4140,0,0,115,205,109,0,24,0,69,4,512,120,120,120,120,100,100,100,100,20,100,100,50,100,100,0,0,50,0,20,20,0,50,50,50,50,100,12,7,10,13,5,10,12,40,2112,100,9999,0,1.0,1.0,MGUS,Iglute Garmr,"A stone gargoyle spoken of in
Erebonian legends. Its sturdy
body repels physical attacks."
mon046_c03,C_MON046,mon046,1.0,5.0,1.5,0.0,4.0,2,1,0,5,1,1,0,10,0,0,0,0,0,0,0,0,0,0,0,100,100,120,100,100,100,100,100,100,100,100,100,100,100,100,100,100,100,100,100,100,100,100,100,100,100,0,0,0,0,0,0,0,0,9999,0,9999,0,1.0,1.0,MGS,Iglute GarmrEVNeck,"Guardian of the ruins, 
designed to repel intruders.
Physical attacks aren't very
effective against it."
mon046_c04,C_MON046_C00,mon046_c00,1.0,3.0,1.5,0.0,4.0,2,1,0,59,14270,14270,9000,9000,0,0,1425,1661,662,856,71,0,85,4,335,0,100,100,150,200,120,100,50,50,100,50,50,50,100,0,100,100,0,50,50,0,50,50,50,50,100,11,10,9,8,8,9,10,35,1614,60,50,20,0.8999999761581421,1.100000023841858,MGS,Obsidian Garmr,"A jet-black stone guardian.
Its powerful tail strikes are
capable of forcing anything
aside."
mon048,C_MON048,mon048,1.0,1.2000000476837158,0.75,0.0,3.0,1,1,0,16,1496,1496,0,0,0,0,323,319,0,149,33,2,66,5,73,100,40,135,80,100,100,100,0,100,100,50,100,200,100,100,100,100,100,0,100,100,100,200,100,100,100,3,4,3,4,1,2,1,6,1603,30,1616,20,0.8999999761581421,1.100000023841858,MS,Mantrap,"A plant-like monster that
roams highways. Draws 
impurities from below the
ground and attacks with them."
mon048_c00,C_MON048_C00,mon048,1.0,1.2000000476837158,0.75,0.0,3.0,1,1,0,31,2496,2496,0,0,0,0,553,478,0,289,53,2,69,5,127,100,40,135,80,100,100,175,0,100,100,50,100,200,100,100,100,100,100,0,100,100,100,200,100,100,100,3,4,3,3,2,1,3,8,1604,20,1616,20,0.8999999761581421,1.100000023841858,MS,Mad Weed,"A mysterious plant said to
bloom in the abyss. Produces
a miasma that lowers foes'
vitality significantly."
mon049,C_MON049,mon049,1.0,2.0,1.7999999523162842,1.5,4.0,3,1,0,18,12560,12560,0,0,0,0,475,521,0,251,42,1,96,5,712,100,30,125,70,100,100,100,0,50,100,50,50,150,100,0,100,100,0,50,50,0,100,200,50,10,50,15,18,14,20,10,13,9,40,2221,100,9999,0,1.0,1.0,MGS,Venus Mantrap,"A three-headed plant monster.
Stores impurities within its
body, which it sprays at its
enemies."
mon049_c00,C_MON049_C00,mon049,1.0,2.0,1.7999999523162842,1.5,4.0,3,1,0,31,3890,3890,0,0,0,0,582,509,0,310,57,1,74,5,140,100,30,125,70,100,100,175,0,50,100,50,50,150,100,0,100,100,0,50,100,100,100,200,50,10,50,4,6,4,5,3,2,2,9,1616,25,50,10,1.0,1.0,MGS,Pit Cerberus,"A plant-like monster that
roams the darkness. Blows a
deadly miasma that instantly
takes away foes' vision."
mon050,C_MON050,mon050,1.0,4.800000190734863,2.0,0.0,4.0,6,1,0,33,36000,36000,0,0,0,0,705,775,0,375,75,0,68,5,2000,100,100,100,120,175,100,100,0,20,100,0,0,100,100,0,50,100,0,50,20,0,100,50,50,10,100,22,21,22,21,30,30,30,85,2108,100,9999,0,1.0,1.0,MGYS,Ol-Gadia,"A headless knight that 
emerged from within the 
red door. It seems to be 
designed to serve as a 'trial.'"
mon050_c00,C_MON050,mon050,1.0,4.800000190734863,2.0,0.0,4.0,6,1,0,33,36000,18000,0,0,0,0,705,775,0,375,75,0,68,5,2000,100,100,100,120,175,100,100,0,20,100,0,0,100,100,0,50,100,0,50,20,0,100,50,50,10,100,22,21,22,21,30,30,30,85,2108,100,9999,0,1.0,1.0,MEGS,Ol-Gadia,"A headless knight that 
emerged from within the 
red door. It seems to be 
designed to serve as a 'trial.'"
mon050_c01,C_MON050,mon050_c01,1.0,4.800000190734863,2.0,0.0,4.0,3,1,0,63,18870,18870,0,0,0,0,1400,1530,0,750,78,0,90,5,375,100,100,100,120,175,100,100,0,20,100,0,0,100,100,0,100,100,0,50,50,0,100,50,50,10,100,12,11,12,11,13,13,13,40,50,60,2,5,0.8999999761581421,1.100000023841858,MGS,Og-Jior,"Keeper of an ancient ruin,
it forcibly repels intruders. 
Uses its giant iron sword 
to pulverize its foes."
mon070,C_MON070,mon070,0.8999999761581421,2.2200000286102295,1.1100000143051147,0.0,3.0,1,1,0,16,1515,1515,0,0,0,0,387,587,0,182,53,0,51,3,81,100,145,100,125,100,100,100,50,100,100,150,150,50,200,100,100,150,150,50,100,100,150,50,50,50,400,2,5,2,3,3,2,1,6,1613,20,1614,10,0.8999999761581421,1.100000023841858,MS,Stealth Turtle,"A ferocious turtle monster.
Hides itself in the shadows
of bushes, attacking prey 
as it passes by."
mon070_c00,C_MON070_C00,mon070,0.8999999761581421,2.2200000286102295,1.1100000143051147,0.0,3.0,1,1,0,27,2220,2220,0,0,0,0,446,683,0,0,49,0,55,3,107,100,145,100,125,100,100,100,50,100,100,150,150,50,200,100,100,150,150,50,100,100,150,50,50,50,400,2,4,3,2,4,4,3,8,1613,20,1614,10,0.8999999761581421,1.100000023841858,MS,Zaurtoise,"A turtle monster with a hard
shell. It being on the slow
side hasn't stopped it from
prospering in the highlands."
mon071,C_MON071,mon071,0.6499999761581421,3.5,1.5399999618530273,0.0,4.0,5,1,0,53,36700,36700,0,0,0,0,958,938,0,650,77,2,88,3,1920,150,100,100,0,130,75,130,50,20,20,100,50,100,100,0,100,100,0,50,50,0,50,50,50,50,50,30,32,33,35,35,30,32,95,50,100,2232,100,1.0,1.0,MGS,Elvavria,"An archaism from the Middle
Ages, armed with numerous
weapons. Paralyzes foes with
wide-reaching beams."
mon073,C_MON073,mon073,1.25,2.0,1.600000023841858,0.0,5.0,2,1,0,21,18000,18000,0,0,0,0,472,462,0,405,54,6,72,5,720,80,80,80,80,100,100,100,50,100,100,100,100,100,100,0,100,100,0,100,50,0,50,50,200,50,50,24,10,10,24,0,0,30,50,2146,100,9999,0,1.0,1.0,MGS,Kazakh Doven B,"A military monster trained 
by the provincial army. 
Coordinates with allies to be
sure their prey can't escape."
mon073_c00,C_MON073_C00,mon073_c00,1.25,2.0,1.600000023841858,0.0,6.0,2,1,0,21,18000,18000,0,0,0,0,472,462,0,405,54,6,72,5,720,80,80,80,80,100,100,100,50,100,100,100,100,100,100,0,100,100,0,100,50,0,50,50,50,50,200,6,20,20,6,30,30,0,50,2280,100,9999,0,1.0,1.0,MGS,Kazakh Doven R,"A military monster used by the
provincial army. Rouses allies
with a howl, working with
them to deal great damage."
mon073_c01,C_MON073_C01,mon073_c00,1.25,2.0,1.600000023841858,0.0,6.0,2,1,0,58,8790,8790,0,0,0,0,1148,1160,0,600,79,6,83,5,280,80,80,80,80,100,100,100,50,100,100,100,100,100,100,0,100,100,0,100,100,0,50,50,50,50,200,10,7,9,6,2,2,2,18,1612,30,50,20,1.0,1.0,MGS,Kazakh Doven G,"A military monster released by
the Imperial Liberation Front.
Powerful enough to break 
through thick armor."
mon075,C_MON075,mon075,1.0,1.0,1.0,0.0,5.0,2,1,0,29,1496,1496,0,0,0,0,411,450,0,242,54,29,78,5,97,95,95,135,50,110,50,125,0,100,100,0,100,100,100,100,100,100,100,100,100,100,100,50,400,10,50,3,3,3,3,2,2,3,8,0,10,22,10,0.800000011920929,1.100000023841858,MS,Zesvia,"A spider monster that has
existed since antiquity. 
Feared as the cause of 
innumerable plagues."
mon076,C_MON076,mon076,1.0,1.0,3.0,0.0,4.0,4,1,0,31,35500,35500,0,0,0,0,704,661,0,342,66,0,72,5,1990,95,95,135,50,110,50,125,0,50,100,0,100,100,100,0,100,100,0,100,20,0,50,50,100,10,50,28,30,27,31,22,22,22,90,2306,100,9999,0,1.0,1.0,MGS,Ginosha-Zanak,"Sealed away as an 'evil djinn'
in ancient times. Binds prey 
with very hard threads for its
children to devour."
mon081,C_MON081,mon081,1.0,1.0,0.75,0.0,2.0,1,1,0,9,790,790,60,60,0,0,186,437,148,8,30,0,41,4,54,180,80,75,135,100,100,100,50,100,100,100,100,50,150,50,100,100,100,100,100,100,100,100,200,100,200,2,5,2,1,2,2,2,4,1615,20,1614,10,0.800000011920929,1.0,MS,Deathcargot,"A land-dwelling mollusk 
monster with a hard shell. 
Steals life from its prey then
finishes it with water arts."
mon081_c00,C_MON081_C00,mon081,1.0,1.0,0.75,0.0,2.0,1,1,0,21,2498,2498,500,500,0,0,455,647,198,190,30,0,64,4,92,180,80,75,135,100,100,100,50,100,100,100,100,50,150,50,100,100,100,100,100,100,100,100,200,100,200,3,4,3,3,2,2,3,7,1615,20,1614,10,0.800000011920929,1.0,MS,Time Snail,"A mollusk monster with a
hard shell. Stops prey in 
its tracks with time arts 
and slowly absorbs nutrients."
mon082,C_MON082,mon082,0.75,3.0,0.6700000166893005,0.0,4.0,1,1,0,8,782,782,0,0,0,0,156,209,0,87,28,8,52,5,48,125,100,115,100,100,100,100,100,100,100,50,50,150,100,100,100,150,100,100,100,100,100,100,100,200,50,1,2,3,5,2,0,1,4,1600,20,1617,10,0.8999999761581421,1.100000023841858,MS,Evil Crow,"An unpleasant bird with a 
distinctive large beak. Has a
ferocious appetite, swallowing
small creatures whole."
mon082_c00,C_MON082_C00,mon082,0.75,3.0,0.6700000166893005,0.0,4.0,1,1,0,37,3482,3482,0,0,0,0,558,575,0,456,48,10,68,5,150,125,100,115,100,100,100,100,100,100,100,50,50,150,100,100,100,150,100,100,100,100,100,100,100,200,50,2,3,2,6,4,3,4,10,1600,20,1616,10,0.800000011920929,1.2000000476837158,MS,Scavenger Crow,"A strange kind of bird that
lives underground. Spends 
much of its time scouring 
waterways for food."
mon083,C_MON083,mon083,0.800000011920929,1.25,0.6299999952316284,0.0,4.0,1,1,0,8,817,817,0,0,0,0,174,211,0,104,26,2,52,4,44,140,100,170,100,100,100,100,100,100,100,150,150,150,50,100,100,100,100,100,100,100,100,100,100,100,200,2,2,3,2,2,1,2,4,19,20,1612,10,0.800000011920929,1.2000000476837158,MS,Ripper Squirrel,"An adorable but deadly 
monster with a sharp tail. 
Its spin attack is incredibly 
dangerous."
mon085,C_MON085,mon085,1.0,2.0,0.5,0.0,4.0,1,1,0,8,795,795,0,0,0,0,199,191,0,91,33,4,57,5,50,120,100,180,100,100,100,100,50,100,100,100,100,150,200,100,100,100,100,50,100,100,100,100,50,400,50,0,2,4,4,2,2,0,4,11,20,1617,10,0.8999999761581421,1.2999999523162842,MS,King Dragonfly,"A large dragonfly monster 
that flies around near fields. 
Expels poisonous liquids 
from an organ in its body."
mon085_c00,C_MON085_C00,mon085,1.0,2.0,0.5,0.0,4.0,1,1,0,53,3650,3650,0,0,0,0,860,903,0,357,58,36,90,5,238,120,100,180,100,100,100,100,50,100,100,100,100,150,200,100,100,100,100,50,100,100,100,100,50,400,50,1,3,7,7,2,3,4,15,22,20,1617,20,0.8999999761581421,1.2999999523162842,MS,Crimson Dragonfly,"A large, red dragonfly 
monster. Sprays lethal 
poison, mandating 
caution when fighting one."
mon088,C_MON088,mon088,1.5,2.0,0.6700000166893005,0.0,5.0,1,1,0,10,9670,9670,0,0,200,10,296,249,0,0,42,2,63,6,728,100,200,100,125,100,100,100,100,100,100,100,50,50,150,100,100,100,100,100,100,0,100,50,10,10,100,14,12,14,2,7,5,0,35,2148,100,9999,0,1.0,1.0,MGS,Scary Dinosaur,"A ferocious lizard monster.
Releases sound waves by
vibrating its dorsal fin, then
crushes prey with its teeth."
mon090,C_MON090,mon090,1.0,0.30000001192092896,0.5,0.0,2.0,1,1,0,54,2170,2170,0,0,0,0,835,1060,0,652,55,19,90,4,250,100,100,125,100,100,100,100,50,100,100,50,50,200,150,100,100,150,200,50,50,100,150,100,200,50,200,5,3,3,4,4,5,4,15,1614,20,50,10,0.8999999761581421,1.100000023841858,MS,Turtle Bug,"An arthropod monster with a 
hard shell. Stores high
pressure gas in its body, 
which it uses to attack foes."
mon090_c00,C_MON090_C00,mon090,1.0,0.30000001192092896,0.5,0.0,5.0,1,1,0,19,1780,1780,0,0,0,0,356,498,0,321,39,9,60,5,79,100,200,175,100,100,100,100,50,100,100,50,50,200,150,150,150,150,200,50,50,100,150,100,200,50,200,2,2,3,3,2,3,3,6,1609,20,1614,10,0.8999999761581421,1.100000023841858,MS,Platinum Bug,"An arthropod with a carapace 
as hard as stone. Secretes a
highly unpleasant smelling
fluid, making enemies faint."
mon091,C_MON091,mon091,1.0,2.0,1.5,0.0,5.0,3,1,0,16,1740,1740,0,0,0,0,438,376,0,188,42,5,58,4,92,100,115,110,100,100,100,100,100,100,100,150,150,50,50,100,100,100,100,150,100,100,100,50,200,50,50,6,2,5,3,2,2,2,7,1614,20,50,10,0.8999999761581421,1.100000023841858,MS,Hornteater,"A monster with a hard carapace
over its back. Impales prey
with its horns, then slowly 
eats it with its long tongue."
mon091_c00,C_MON091_C00,mon091,1.25,1.0,2.0,0.0,5.0,3,1,0,25,4480,4480,0,0,0,0,632,535,0,449,48,5,68,4,132,100,115,110,100,100,100,100,100,100,100,150,150,50,50,100,100,100,100,150,100,100,100,50,200,50,50,4,2,2,2,5,5,5,9,1602,50,1614,50,0.8999999761581421,1.100000023841858,MS,Brutal Buffa,"A buffalo monster that is
always on the move across 
the highlands. Mostly docile,
but fiercely territorial."
mon092,C_MON092,mon092,1.0,1.0,0.75,0.0,5.5,1,1,0,15,893,893,0,0,0,0,305,325,0,112,24,9,57,4,64,100,140,125,100,100,100,100,100,100,100,200,200,100,100,100,100,150,150,150,100,100,150,50,200,50,50,4,1,3,2,1,1,1,4,0,10,1612,10,0.8999999761581421,1.100000023841858,MS,Anteater,"An infant Hornteater. When it
becomes older, it grows horns
and a hard carapace over its
back."
mon092_c00,C_MON092_C00,mon092,1.0,1.0,0.75,0.0,5.5,1,1,0,23,1893,1893,0,0,0,0,415,436,0,392,29,9,57,4,87,100,140,125,100,100,100,100,100,100,100,200,200,100,100,100,100,150,150,150,100,100,150,50,200,50,50,4,2,3,2,2,2,2,7,1601,20,1612,10,0.8999999761581421,1.100000023841858,MS,Brutal Infant,"An infant buffalo monster. 
Gains the ability to move
freely within hours of birth,
joining the herd on its own."
mon093,C_MON093,mon093,1.0,1.0,0.75,0.0,4.0,6,1,0,27,762,762,0,0,0,0,351,302,0,0,45,12,87,4,88,165,180,125,100,100,100,100,100,100,100,100,100,100,100,100,100,100,100,100,100,100,100,200,100,100,100,2,2,6,2,2,4,2,7,16,20,1612,10,0.8999999761581421,1.100000023841858,MS,Infant Drango,"A monster that resembles the
dragons in legend. Small in
size, but capable of turning
a wide area to ash."
mon095,C_MON095,mon095,1.0,4.0,5.0,0.0,4.0,6,1,0,41,49999,49999,9999,9999,0,0,1255,914,333,404,78,2,79,4,3300,100,135,145,100,100,135,120,50,20,50,50,0,100,50,0,50,50,0,0,20,0,50,50,10,10,50,32,24,24,27,34,26,32,100,2263,100,9999,0,1.0,1.0,MEGS,Zoro-Agruga,"A dragon-like fiend from the
Dark Ages made of bone. Sprays
dark breath and has the power
to shake space itself."
mon096,C_MON096,mon096,2.0,2.0,0.5,0.0,4.0,1,1,0,10,9924,9924,666,666,0,0,327,214,155,221,49,6,77,3,780,165,100,170,30,100,100,100,100,100,100,100,100,100,100,100,100,100,100,100,100,50,100,50,10,200,10,6,10,5,18,3,5,10,35,2210,100,9999,0,1.0,1.0,MGS,Zwordar,"A ferocious bird of prey.
Pulls prey upwards with a
whirlwind, and then catches
it with its sharp talons."
mon096_c00,C_MON096_C00,mon096,2.0,2.0,0.5,0.0,4.0,1,1,0,54,8320,8320,999,999,0,0,1090,912,392,415,38,16,85,4,244,165,100,170,30,100,100,100,100,100,150,100,150,150,50,100,100,100,100,100,100,50,100,50,10,200,10,2,4,3,11,3,5,4,16,1617,20,50,20,0.8999999761581421,1.100000023841858,MGS,Great Grouse,"A giant avian monster that
lives in mountainous regions.
Creates whirlwinds which tear
living things to shreds."
mon096_c01,C_MON096,mon096,2.0,2.0,0.5,0.0,4.0,1,1,0,18,6924,6924,666,666,0,0,452,401,215,178,74,12,77,3,99,165,100,170,30,100,100,100,100,100,100,100,100,100,100,100,100,100,100,100,100,50,100,50,10,200,10,2,4,3,10,2,4,6,15,50,80,2213,20,1.0,1.0,MGS,Zwordar,"A ferocious bird of prey.
Pulls prey upwards with a
whirlwind, and then catches
it with its sharp talons."
mon097,C_MON097,mon097,1.0,2.5,0.5,0.0,4.0,1,1,0,29,1990,1990,0,0,0,0,449,348,0,0,59,4,59,3,120,100,160,120,190,110,125,200,50,100,100,0,0,50,100,150,100,100,50,20,50,100,50,200,50,50,50,2,4,4,4,2,3,2,8,1606,20,1616,20,0.800000011920929,1.2000000476837158,MS,Vampiric Thorn,"A strange plant monster. 
Usually lurks underground,
draining its prey of every
last drop of blood."
mon097_c00,C_MON097_C00,mon097_c00,1.0,2.5,0.5,0.0,4.0,1,1,0,44,3449,3449,0,0,0,0,759,690,0,378,63,4,69,3,188,100,160,120,190,110,125,200,50,100,100,0,0,50,100,150,100,100,50,20,50,100,50,200,50,50,50,5,3,5,4,3,3,2,12,1605,20,1616,20,0.800000011920929,1.2000000476837158,MS,Greedy Reaper,"A worm monster that lurks
underground. Its body is
covered in tough armor, and
it drains HP from its prey."
mon098,C_MON098,mon098,1.0,2.799999952316284,2.5,0.0,2.0,3,1,0,57,57800,57800,0,0,0,0,1049,1102,0,758,80,2,102,4,1340,100,120,100,100,100,100,100,50,100,100,100,100,100,100,0,50,100,0,100,50,0,100,200,50,50,0,24,28,28,24,36,36,36,90,50,100,2235,60,1.0,1.0,MGS,Hydra,"A serpent monster with many
heads, each acting separately.
Each head competes to feast on
prey, eating even the bones."
mon098_c00,C_MON098_C00,mon098,1.0,2.799999952316284,2.5,0.0,2.0,3,1,0,61,8455,8455,0,0,0,0,1260,1155,0,559,80,2,85,4,289,100,100,100,0,100,110,130,50,100,100,100,100,100,100,0,50,100,0,100,50,0,100,200,50,50,0,6,4,5,7,5,4,5,20,1613,40,1615,40,0.8999999761581421,1.100000023841858,MS,Thunder Hydra,"A serpent fiend with many
heads. Sprays lightning 
breath by generating 
electricity in its body."
mon099,C_MON099,mon099,1.0,1.0,1.0,0.0,5.0,2,1,0,24,1411,1411,0,0,0,0,428,376,147,399,52,19,68,3,98,160,100,100,0,100,100,100,100,50,50,100,100,100,100,50,100,150,100,50,50,100,100,50,200,200,50,1,4,2,6,2,4,2,7,1613,20,50,10,0.8999999761581421,1.100000023841858,MS,Thunder Loach,"An infant fish capable of
producing electricity with its
feelers. It may be young, but
it is still deadly."
mon101,C_MON101,mon101,1.5,2.0799999237060547,1.6699999570846558,0.0,4.0,2,1,0,13,21800,21800,0,0,200,100,400,345,0,146,69,1,78,5,880,100,100,120,125,100,100,100,100,50,50,100,100,100,50,0,100,100,0,100,50,0,100,100,50,50,100,25,15,30,12,9,15,12,60,2181,100,9999,0,1.0,1.0,MGS,Grunoja,"Ruler of Lunaria Nature Park,
it attacks those who enter
its territory. Smashes all 
who oppose it to pieces."
mon102,C_MON102,mon102,1.0,1.7999999523162842,2.299999952316284,0.0,2.0,3,1,0,46,24780,24780,0,0,0,0,1176,709,0,491,68,0,88,4,1780,100,150,100,145,100,100,100,100,20,100,100,100,50,150,0,100,100,0,100,20,20,100,50,200,10,50,22,26,30,16,22,14,19,65,50,100,2266,100,1.0,1.0,MGS,Crocodark,"An amphibian monster that 
lives near water. Its appetite
is ferocious, and its jaw is
strong enough to pierce steel."
mon103,C_MON103,mon103,1.75,4.5,1.0,0.0,4.0,3,1,0,30,8890,8890,0,0,0,0,782,708,0,459,58,18,74,5,238,150,100,120,30,100,100,100,100,100,100,100,100,50,50,50,100,100,0,100,100,100,100,50,50,200,50,2,4,8,10,6,5,6,22,50,30,2180,30,1.0,1.0,MGS,Hippogriff,"A large bird that hunts on
the highlands. Its talons
contain deadly poison, and it
can spew burning-hot breath."
mon103_c00,C_MON103_C00,mon103_c00,1.0,4.0,1.0,0.0,4.0,2,1,0,56,12500,12500,0,0,0,0,1082,945,0,711,76,21,88,5,255,150,100,100,30,100,100,100,100,100,100,100,100,150,100,20,100,100,50,100,100,100,100,50,50,200,50,2,4,3,12,10,5,7,25,1617,30,50,30,0.8999999761581421,1.100000023841858,MGS,Roc,"A cunning, ferocious bird 
that hunts on the mountain
path. Freezes its prey before 
carrying it back to its nest."
mon104,C_MON104,mon104,0.75,2.3299999237060547,1.0,0.0,4.0,1,1,0,49,3176,3176,0,0,0,0,752,731,0,681,52,4,81,4,205,80,120,90,100,100,100,100,0,100,100,100,0,50,50,100,100,100,100,0,100,100,100,50,50,50,200,4,4,4,4,3,3,3,13,1,5,50,10,1.0,1.0,MS,Tri-Attacker R2,"A patrol archaism released by
the Imperial Liberation Front.
Very mobile, and capable of
machine gun and missile fire."
mon104_c00,C_MON104_C00,mon104_c00,0.75,2.3299999237060547,1.0,0.0,4.0,1,1,0,49,3176,3176,0,0,0,0,752,731,0,681,52,4,81,4,205,80,120,90,100,100,100,100,0,100,100,100,0,50,50,100,100,100,100,0,100,100,100,50,50,50,200,3,3,3,3,4,4,4,13,4,5,50,10,1.0,1.0,MS,Tri-Attacker HG,"A patrol archaism released by
the Imperial Liberation Front.
Reduces foes' movement and
defense with electromagnetism."
mon104_c01,C_MON104,mon104,0.75,2.3299999237060547,1.0,0.0,4.0,1,1,0,57,4176,4176,0,0,0,0,862,901,0,781,61,5,91,4,235,80,120,90,100,100,100,100,0,100,100,100,0,50,50,100,100,100,100,0,100,100,100,50,50,50,200,5,5,5,5,3,3,3,16,1,10,50,10,1.0,1.0,MS,Tri-Attacker R2,"A patrol archaism released by
the Imperial Liberation Front.
Very mobile, and capable of
machine gun and missile fire."
mon104_c02,C_MON104_C00,mon104_c00,0.75,2.3299999237060547,1.0,0.0,4.0,1,1,0,57,4176,4176,0,0,0,0,862,901,0,781,61,5,91,4,235,80,120,90,100,100,100,100,0,100,100,100,0,50,50,100,100,100,100,0,100,100,100,50,50,50,200,3,3,3,3,6,6,6,16,4,10,50,10,1.0,1.0,MS,Tri-Attacker HG,"A patrol archaism released by
the Imperial Liberation Front.
Reduces foes' movement and
defense with electromagnetism."
mon104_c03,C_MON104,mon104,0.75,2.3299999237060547,1.0,0.0,4.0,1,1,0,49,3176,3176,0,0,0,0,592,681,0,681,32,4,76,4,255,80,120,90,100,100,100,100,0,100,100,100,0,50,50,100,100,100,100,0,100,100,100,100,100,100,200,5,5,5,5,3,3,3,12,9999,0,9999,0,1.0,1.0,MS,Tri-Attacker R2,"A patrol archaism released by
the Imperial Liberation Front.
Very mobile, and capable of
machine gun and missile fire."
mon104_c04,C_MON104_C00,mon104_c00,0.75,2.3299999237060547,1.0,0.0,4.0,1,1,0,49,3176,3176,0,0,0,0,592,681,0,681,32,4,76,4,255,80,120,90,100,100,100,100,0,100,100,100,0,50,50,100,100,100,100,0,100,100,100,100,100,100,200,4,4,4,4,5,5,5,12,9999,0,9999,0,1.0,1.0,MS,Tri-Attacker HG,"A patrol archaism released by
the Imperial Liberation Front.
Reduces foes' movement and
defense with electromagnetism."
mon108,C_MON108,mon108,1.0,3.0,2.5,0.0,4.0,3,1,0,43,45200,45200,9999,9999,0,0,1299,1260,465,688,64,6,128,4,3150,100,0,0,100,100,120,100,50,20,20,100,50,0,0,0,50,20,0,100,20,0,20,50,50,50,50,19,37,16,20,26,26,26,90,2182,100,9999,0,1.0,1.0,MGS,Unsurtr,"A giant beast with a body
covered in ice. Freezes
all with frigid blizzards."
mon108_c00,C_MON108_C00,mon108_c00,1.0,3.0,2.5,0.0,4.0,3,1,0,63,40000,40000,9999,9999,0,0,1300,1250,415,688,80,6,118,4,393,100,100,120,100,100,120,100,50,20,20,100,50,0,0,0,50,20,0,100,20,0,20,50,50,50,50,21,23,26,21,22,23,24,50,50,60,8,30,1.0,1.0,MGS,Durgnessa,"A massive, mountain-like
fiend. Being trampled by
its immense weight is enough
to crush anything."
mon109,C_MON109,mon109,1.0,1.7999999523162842,0.5,0.0,4.0,1,1,0,54,4962,4962,0,0,0,0,976,932,0,405,65,14,87,4,243,145,100,120,75,100,100,100,100,100,100,50,50,150,100,100,100,100,100,100,100,100,100,50,50,200,50,3,5,4,6,3,3,4,15,1600,20,22,20,0.8999999761581421,1.100000023841858,MS,Dancing Owl,"Avian monster with beautiful
wings. Those who witness its
strange dance suffer various
status abnormalities."
mon110,C_MON110,mon110,1.0,3.25,3.0,6.0,4.0,4,1,0,51,18000,18000,0,0,200,100,1024,1280,0,0,50,0,90,4,1024,150,100,100,100,100,100,100,0,20,20,100,0,100,100,0,0,20,0,0,20,0,50,50,100,50,100,15,11,9,8,8,9,10,52,50,50,9999,0,1.0,1.0,MGS,Gespard,"An assault archaism. Can deal
with foes in a wide area due
to its elastic arms and 
devastating main cannon."
mon110_c00,C_MON110_C00,mon110,1.0,3.25,3.0,6.0,4.0,4,1,0,58,88500,88500,0,0,200,100,1350,1630,0,705,85,7,105,4,3250,100,100,100,100,100,100,100,0,20,20,100,0,100,100,0,0,20,0,0,20,0,50,50,100,50,100,40,38,34,36,38,40,42,100,2293,100,9999,0,1.0,1.0,MGS,Gespard G,"An assault archaism made 
by Ouroboros. Charges 
its enemies and unleashes 
wide reaching destruction."
mon115,C_MON115,mon115,1.0,1.25,0.75,0.0,4.0,1,1,0,57,3324,3324,0,0,0,0,901,939,0,451,60,2,85,5,236,45,100,100,155,100,100,100,150,100,100,100,100,100,100,50,100,100,100,100,100,100,100,200,200,50,100,5,5,3,3,4,3,5,16,1612,20,1616,20,0.8999999761581421,1.100000023841858,MS,Moon Mole,"A mole monster that lives 
in the sealed mine shaft. 
Its claws are ideal both for 
digging and cutting prey."
mon116,C_MON116,mon116,1.0,0.949999988079071,0.5,0.0,3.0,2,1,0,11,1108,1108,200,200,0,0,238,259,92,108,29,0,48,4,65,80,40,130,100,100,100,100,100,100,100,100,100,100,100,100,100,100,100,100,100,100,100,200,50,50,10,3,5,1,1,1,2,3,4,1615,15,1617,15,0.8999999761581421,1.2000000476837158,MS,Jelly Shroom,"A massively swollen fungus.
Paralyzes organisms that
approach it and slowly feeds
on their nutrients."
mon116_c00,C_MON116_C00,mon116,1.0,0.949999988079071,0.5,0.0,3.0,2,1,0,44,3178,3178,200,200,0,0,704,668,184,332,59,1,58,4,186,80,40,130,100,100,100,100,100,100,100,50,0,50,150,100,50,100,0,100,100,100,50,200,50,50,10,4,2,6,2,3,3,5,12,1604,20,1615,20,0.8999999761581421,1.2000000476837158,MS,Rose Shroom,"A mollusk formed from several
pink spores. Possesses a 
powerful neurotoxin. Touching
it causes paralysis."
mon116_c01,C_MON116_C01,mon116_c01,7.25,0.949999988079071,0.5099999904632568,8.0,3.0,1,1,0,56,23000,23000,0,0,0,0,1085,1119,0,789,72,0,90,4,2400,90,80,120,100,100,100,100,100,50,50,0,20,50,100,0,20,20,0,20,50,0,50,200,50,50,10,25,18,27,21,18,18,18,85,9,100,9999,0,1.0,1.0,MGS,Gold Fungus,"A spore monster that became 
massively enlarged due to 
eating high-quality ore. The 
reason the shaft was closed."
mon117,C_MON117,mon117,1.0,1.7300000190734863,0.800000011920929,0.0,4.0,1,1,0,54,3902,3902,0,0,0,0,964,924,0,415,68,2,86,4,241,100,145,100,100,100,100,100,100,100,100,100,100,100,100,150,150,100,100,100,100,100,100,100,200,50,50,5,4,6,4,2,5,2,15,11,20,1615,20,0.8999999761581421,1.100000023841858,MS,Bomb Spider,"An arthropod monster that eats
wreckage left by explosions. 
Detonates the poison sac on 
its back if it senses danger."
mon117_c00,C_MON117_C00,mon117,1.0,1.7300000190734863,0.800000011920929,0.0,4.0,1,1,0,13,1002,1002,0,0,0,0,276,286,0,144,39,2,72,4,70,100,145,100,100,100,100,100,100,100,100,100,100,100,100,150,150,100,100,100,100,100,100,100,200,50,50,1,3,2,3,1,3,3,5,11,20,1615,20,0.8999999761581421,1.100000023841858,MS,Lantern Spider,"An arthropod monster with an
air sac that gives off a pale
light on its back. This sac
contains a poisonous liquid."
mon118_c00,C_MON118_C00,mon118,1.5,2.0,1.0,0.0,6.0,1,1,0,25,4009,4009,0,0,0,0,552,560,0,532,54,6,64,6,128,25,100,100,60,100,100,100,100,100,100,200,150,150,100,0,150,150,100,50,100,100,100,50,200,100,50,0,5,5,0,2,5,2,8,1612,20,1616,20,1.0,1.0,MS,Ostrich,"A strange bird that races
around on non-paved 
plains. Its breath allows 
it to petrify its prey."
mon119,C_MON119,mon119,1.0,2.0,1.0,0.0,3.0,2,1,0,27,3178,3178,0,0,0,0,441,558,0,0,39,0,56,5,114,80,185,75,120,100,100,100,100,100,100,100,100,100,100,50,100,100,100,100,100,100,100,50,50,10,200,6,5,2,2,3,3,1,8,1613,20,1614,20,0.8999999761581421,1.100000023841858,MS,Stony Croaker,"A large, frog-like monster with
skin like rock. Draws in prey
with its long tongue and 
restrains it with mucus."
mon119_c00,C_MON119_C00,mon119,1.0,3.5,2.75,0.0,3.0,4,1,0,56,53750,53750,0,0,0,0,1201,1593,0,788,60,0,93,4,1850,80,160,100,110,100,100,100,100,20,20,100,100,50,100,0,100,50,0,100,50,0,50,50,50,10,200,40,25,40,25,33,33,33,90,50,100,2114,60,1.0,1.0,MGS,Rocky Croaker,"A large, frog-like monster. 
Its skin is as hard as iron,
due to all the stones it eats."
mon120,C_MON120,mon120,1.0,2.0,1.5,0.0,4.0,20,1,0,51,42500,42500,1000,1000,200,0,1080,1330,390,555,60,0,77,4,980,150,100,100,100,100,100,100,0,20,50,100,0,100,100,0,20,50,0,0,100,0,100,50,50,50,50,30,30,30,30,30,30,30,75,50,100,5,100,1.0,1.0,MGS,Zephyranthes,"A large archaism designed for
defending strongholds. Reduces
enemy numbers with lasers and
immense firepower."
mon120_c00,C_MON120_C00,mon120,1.0,2.0,1.5,0.0,4.0,20,1,0,59,46500,46500,1000,1000,200,0,1200,1450,450,875,75,4,83,4,1440,100,100,100,100,100,100,100,0,20,50,100,0,100,100,0,20,50,0,0,100,0,100,10,50,50,10,34,34,34,34,34,34,34,90,5,100,8,50,1.0,1.0,MGS,G-Zephyranthes,"A large, golden archaism. 
Supports C with powerful 
laser beams and wide-range
shockwaves."
mon120_c01,C_MON120_C01,mon120,1.0,2.0,1.5,0.0,4.0,20,1,0,58,45500,45500,1000,1000,200,0,1150,1410,415,846,70,4,81,4,1280,100,100,100,100,100,100,100,0,20,50,100,0,100,100,0,20,50,0,0,100,0,100,50,50,50,10,32,32,32,32,32,32,32,90,5,100,8,50,1.0,1.0,MGS,B-Zephyranthes,"A large archaism designed 
for defending strongholds. 
This improved blue model 
has incredible firepower."
mon120_c02,C_MON120_C02,mon120,1.0,2.0,1.5,0.0,4.0,20,1,0,51,44500,44500,1000,1000,200,0,1125,1370,405,585,65,4,79,4,1024,100,100,100,100,100,100,100,0,20,50,100,0,100,100,0,20,50,0,0,100,0,100,10,50,50,50,32,32,32,32,32,32,32,80,50,100,5,100,1.0,1.0,MGS,R-Zephyranthes,"A red archaism strengthened
to support the ILF's leaders.
Even more powerful and deadly
than standard models."
mon120_c03,C_MON120,mon120,1.0,2.0,1.5,0.0,4.0,20,1,0,50,26500,26500,600,600,200,0,700,905,220,445,55,0,75,4,512,150,100,100,100,100,100,100,0,0,0,100,0,100,100,0,20,50,0,0,100,0,100,100,100,100,100,20,20,20,20,20,20,20,37,9999,0,9999,0,1.0,1.0,MGS,Zephyranthes,"A large archaism designed for
defending strongholds. Reduces
enemy numbers with lasers and
immense firepower."
mon130,C_MON130,mon130,1.0,1.5,0.8999999761581421,0.0,4.0,2,1,0,1,500,500,0,0,0,0,75,60,0,0,55,7,31,4,0,100,100,100,100,100,100,100,0,50,50,50,50,50,50,0,50,50,0,0,20,0,100,200,200,200,200,8,4,2,1,0,1,2,5,0,20,9999,0,1.0,1.0,MGS,Combat Shell,"A combat dummy that didn't 
get used in the game.
Poor Combat Shell-kun...
your day will come, eventually."
mon130_c00,C_MON130_C00,mon130_c00,1.0,2.0,0.8999999761581421,0.0,4.0,2,1,0,7,7200,7200,480,480,200,30,228,150,160,0,30,4,62,4,118,100,100,100,100,100,100,100,0,50,50,50,50,50,50,0,50,50,0,0,20,0,100,200,200,200,200,9,9,9,9,5,5,5,12,50,100,9999,0,1.0,1.0,MGS,Combat Shell ,"A combat dummy set up 
for practical exams. Feels 
strange to the touch, and 
fights as programmed."
mon130_c01,C_MON130_C01,mon130_c01,1.0,2.0,0.8999999761581421,0.0,4.0,2,1,0,15,14400,14400,600,600,200,30,456,335,360,0,35,6,67,4,188,100,100,100,100,100,100,100,0,50,50,50,50,50,50,0,50,50,0,0,20,0,100,200,200,200,200,12,12,12,12,8,8,8,16,50,100,9999,0,1.0,1.0,MGS,Combat Shell ,"A combat dummy that operates
by some unknown means. Its
change of form allows it to
use more powerful attacks."
mon130_c02,C_MON130_C02,mon130_c02,1.0,2.0,0.8999999761581421,0.0,4.0,2,1,0,33,16500,16500,600,600,200,30,699,435,350,0,40,6,67,4,300,100,100,100,100,100,100,100,0,50,50,50,50,50,50,0,50,50,0,0,20,0,100,200,200,200,200,0,0,0,0,0,0,0,0,9999,0,9999,0,1.0,1.0,MGS,Combat Shell ,"A combat dummy made of a 
mysterious metal. Has high
attack and defense power 
to simulate real battle."
mon130_c03,C_MON130_C01,mon130_c01,1.0,2.0,0.8999999761581421,0.0,4.0,2,1,0,33,16500,16500,600,600,200,30,699,435,350,0,40,6,67,4,300,100,100,100,100,100,100,100,0,50,50,50,50,50,50,0,50,50,0,0,20,0,100,50,50,50,50,0,0,0,0,0,0,0,0,9999,0,9999,0,1.0,1.0,MGS,Combat Shell ,"A combat dummy that operates
by some unknown means. Its
change of form allows it to
use more powerful attacks."
mon137,C_MON137,mon137,1.0,1.0,1.0,0.0,4.0,1,1,0,24,2681,2681,0,0,0,0,445,449,0,400,35,17,68,4,103,100,190,150,75,100,100,100,100,100,100,100,100,50,200,50,150,50,150,50,50,100,100,50,50,400,50,2,4,2,6,3,2,2,7,1613,15,1616,15,0.8999999761581421,1.100000023841858,MS,Winged Snake,"A winged snake that flies
around on the Nord Highlands.
The people of Nord fear the
poison in its fangs."
mon137_c00,C_MON137_C00,mon137_c00,1.0,1.0,1.0,0.0,4.0,1,1,0,39,3800,3800,0,0,0,0,799,732,0,512,44,21,73,4,163,100,190,150,75,100,160,100,100,100,100,100,100,50,200,50,150,50,150,50,50,100,100,50,50,400,50,4,2,2,6,4,3,3,11,11,20,1616,20,0.8999999761581421,1.100000023841858,MS,Diving Ananta,"A serpent monster containing
deadly poison. Plunges its
fangs into its prey from the
air using its bat-like wings."
mon139,C_MON139,mon139,1.0,5.0,2.0,6.0,2.0,3,1,0,30,31780,31780,0,0,0,0,801,909,0,666,42,0,80,4,1680,50,90,65,100,200,100,100,0,0,0,20,0,0,50,0,0,20,0,20,20,0,50,10,10,10,200,24,16,19,15,26,20,20,65,2124,100,9999,0,1.0,1.0,MGS,Stone Golem,"A golem created from stone
which appears in Erebonian
legends. Can cause earthquakes
by stamping on the ground."
mon139_c00,C_MON139_C00,mon139_c00,1.25,5.0,2.0,8.0,2.0,3,1,0,61,35000,35000,0,0,0,0,1774,1582,0,0,69,0,80,4,347,50,0,65,100,200,100,100,0,0,0,20,0,0,50,0,0,20,0,20,20,0,50,10,10,10,200,18,17,16,15,28,25,25,45,1617,80,50,40,0.8999999761581421,1.100000023841858,MS,Steel Golem,"A magical golem born by
giving life to steel. Causes 
powerful earthquakes at will."
mon140,C_MON140,mon140,1.0,1.3799999952316284,0.75,0.0,2.0,2,1,0,6,1178,1178,0,0,0,0,200,212,0,90,30,0,55,4,37,100,75,120,180,100,100,100,100,100,100,100,150,100,100,100,150,100,100,100,100,100,100,400,200,100,50,1,2,3,1,2,3,1,3,1608,20,1615,10,0.8999999761581421,1.100000023841858,MS,Dissolution Slug,"A mollusk monster with
countless feelers. Uses 
acid stored in its body to 
dissolve and devour its prey."
mon141,C_MON141,mon141,1.0,2.950000047683716,1.0,0.0,2.0,1,1,0,29,3350,3350,0,0,0,0,520,605,295,0,61,0,55,4,135,0,100,100,120,200,100,80,100,100,100,100,0,0,100,0,100,100,100,100,100,100,100,50,50,50,200,3,1,2,2,5,5,4,9,3,30,50,15,0.8999999761581421,1.100000023841858,MS,Diglem,"A stone statue allowed to move
because of the strange force
active in the quarry. Lowers
foes' abilities with beams."
mon141_c00,C_MON141_C00,mon141,1.0,2.950000047683716,1.0,0.0,2.0,1,1,0,51,5950,5950,0,0,0,0,872,972,399,0,74,0,88,4,220,0,100,100,120,200,100,80,100,100,100,100,0,0,100,0,100,100,100,100,100,100,100,50,50,50,200,5,4,4,5,5,2,2,14,3,30,50,15,0.8999999761581421,1.100000023841858,MS,Star Lambda,"A stone statue granted life by
a mysterious power. Lowers 
the abilities of its foes with
cursed beams of light."
mon142,C_MON142,mon142,1.0,0.9200000166893005,0.5,0.0,2.0,1,1,0,13,1250,1250,0,0,0,0,250,358,0,128,39,2,69,4,69,30,100,100,85,100,100,100,50,100,100,100,100,100,100,50,100,100,100,100,100,100,100,50,100,50,200,4,2,3,1,3,2,1,5,1609,20,1617,20,0.8999999761581421,1.100000023841858,MS,Stone Stalker,"A four-legged stone creature.
When it sees an enemy, it
approaches them, then attacks
with its weight from above."
mon143,C_MON143,mon143,1.0,1.0,0.800000011920929,0.0,2.0,2,1,0,34,3674,3674,0,0,0,0,569,567,0,0,54,2,66,4,137,90,50,90,145,100,100,100,100,100,100,100,100,100,100,100,100,100,100,100,100,100,100,200,50,50,50,3,3,3,1,7,5,5,10,22,20,50,10,0.8999999761581421,1.100000023841858,MS,Ghoul Frog,"A mass of dead monsters. 
Has exceptional regenerative
abilities."
mon144,C_MON144,mon144,1.0,1.659999966621399,0.75,0.0,3.0,1,1,0,41,2618,2618,0,0,0,0,717,681,0,314,56,19,78,4,175,90,45,55,80,100,100,190,50,100,50,100,50,100,100,0,100,100,100,50,100,100,100,200,50,200,50,1,2,5,6,3,4,4,11,18,20,1617,20,0.8999999761581421,1.100000023841858,MS,Polyjelly,"A floating spore creature from
another world. Those who touch
it turn to stone."
mon145,C_MON145,mon145,1.0,1.2999999523162842,1.0,0.0,4.0,2,1,0,21,2951,2951,0,0,0,0,483,442,0,205,40,4,70,5,96,100,120,135,100,100,100,100,100,100,100,100,100,100,50,50,100,100,50,100,100,100,50,100,50,100,100,3,4,5,2,2,2,2,7,1616,15,1612,15,0.8999999761581421,1.100000023841858,MS,Hell Rabbit,"A monster said to have come
from the underworld. Those
pierced by its spines are 
believed to lose their souls."
mon145_c00,C_MON145_C00,mon145,1.0,1.2999999523162842,1.0,0.0,4.0,2,1,0,61,4766,4766,0,0,0,0,1089,977,0,548,73,8,93,5,280,100,120,135,100,100,100,175,100,100,100,100,100,100,50,50,100,100,100,100,100,100,50,100,50,100,100,5,4,5,4,4,3,4,18,1616,20,1612,20,0.8999999761581421,1.100000023841858,MS,Ramon,"A fiend with black fur, said
to be a servant of Gehenna.
Appears before those who have
little time left to live."
mon146_c00,C_MON146_C00,mon146_c00,1.0,1.8899999856948853,2.0999999046325684,0.0,2.0,4,1,0,41,5236,5236,0,0,0,0,819,888,0,414,53,0,75,4,182,30,175,100,100,100,120,100,100,100,100,100,150,100,150,100,100,100,100,100,100,100,100,10,200,10,200,5,3,6,3,4,3,4,12,1613,30,1614,30,0.8999999761581421,1.100000023841858,MS,Glaceron,"A large turtle with a stone-
like carapace. Sprays rocks
from its back to repel foes."
mon147,C_MON147,mon147,1.0,2.200000047683716,0.5,0.0,4.0,1,1,0,59,2826,2826,0,0,0,0,992,929,0,421,73,25,90,5,255,90,115,100,100,100,135,135,0,100,100,100,50,150,100,100,100,100,100,100,100,100,100,50,50,200,50,2,3,4,6,4,3,5,17,1617,20,1614,20,0.8999999761581421,1.100000023841858,MS,Lunar Bee,"A bee-like fiend capable
of crossing dimensions. Its
highly lethal poison makes it
incredibly dangerous."
mon148,C_MON148,mon148,1.0,1.5,1.0,0.0,2.0,2,1,0,51,6513,6513,0,0,0,0,858,827,0,378,64,1,83,4,217,100,100,120,100,100,100,155,100,100,100,50,100,100,100,50,0,100,100,50,100,100,100,200,100,50,50,5,5,4,2,3,3,5,14,1615,20,1616,20,0.8999999761581421,1.100000023841858,MS,Purple Ooze,"A strange lifeform from
another world. Can drain large
amounts of HP, EP, and CP,
making it a difficult foe."
mon157,C_MON157,mon157,1.0,1.899999976158142,1.2999999523162842,0.0,4.0,2,1,0,31,4130,4130,530,530,0,0,575,523,280,302,40,4,73,4,132,100,0,0,100,100,80,120,100,100,100,100,100,0,0,100,100,100,100,100,100,100,100,50,200,50,50,2,2,5,3,3,5,3,9,1612,20,50,10,0.8999999761581421,1.100000023841858,MS,Hinomikoto,"A beast with boiling hot 
blood. Deified by some.
Charges foes with its burning
horns and uses fire arts."
mon157_c00,C_MON157_C00,mon157_c00,1.0,1.899999976158142,1.2999999523162842,0.0,4.0,2,1,0,61,5120,5120,1060,1060,0,0,1091,1024,466,712,75,4,88,4,281,100,0,0,100,100,80,120,100,100,100,100,100,0,0,100,100,100,100,100,100,100,100,50,200,50,50,3,7,3,5,4,4,3,18,1612,20,1616,20,0.8999999761581421,1.100000023841858,MS,Rup Kamuy,"A beast that roams places
that are extremely cold. Said
to rule over ice and snow. Its
antlers freeze foes on contact."
mon159,C_MON159,mon159,1.5,1.3300000429153442,0.6700000166893005,0.0,4.0,1,1,0,59,5261,5261,0,0,0,0,1114,1045,0,556,70,2,85,4,261,100,100,75,125,100,110,145,100,20,100,100,100,50,150,0,100,50,0,100,50,0,100,200,200,10,10,6,4,5,4,4,5,5,18,1612,30,50,15,0.8999999761581421,1.100000023841858,MS,Minos Demon,"A powerful, two-horned, evil
creature. Obscures foes' 
vision with dark breath and
then pulverizes them."
mon159_c00,C_MON159,mon159_c00,1.5,1.3300000429153442,0.6700000166893005,0.0,4.0,1,1,0,7,8261,8261,0,0,0,0,248,195,0,99,38,2,66,4,640,100,100,75,125,100,110,145,100,20,100,100,100,50,150,0,100,50,0,100,50,0,100,200,200,10,10,12,8,10,9,6,6,9,35,2261,100,9999,0,1.0,1.0,MGS,Minos Demon,"A powerful, two-horned, evil
creature. Obscures foes' 
vision with dark breath and
then pulverizes them."
mon164,C_MON164,mon164,1.0,3.799999952316284,1.9500000476837158,0.0,4.0,3,1,0,59,8720,8720,0,0,0,0,1169,1091,0,638,74,1,89,4,277,100,0,0,100,150,110,100,100,100,100,100,100,0,100,0,100,100,100,100,100,100,100,50,100,50,100,5,5,8,5,4,4,4,20,1615,40,50,20,0.8999999761581421,1.100000023841858,MS,Surtr,"A demi-human fiend that
governs fire. Its sword is
made of fire so hot, it can
boil steel."
mon165,C_MON165,mon165,1.0,2.130000114440918,1.0,0.0,4.0,2,1,0,63,2999,2999,999,999,0,0,1002,959,499,506,74,16,108,4,285,100,100,100,100,100,100,120,50,50,50,50,50,50,50,50,50,50,50,50,50,50,50,50,50,100,50,3,3,3,3,8,8,8,20,50,20,5,5,0.8999999761581421,1.100000023841858,MS,Ashen Fragment,"Fragment of the Ashen Power.
Lulls would-be intruders of
the realm to sleep, where they
experience nightmares."
mon169,C_MON169,mon169,1.0,9.75,2.6500000953674316,0.0,4.0,6,1,0,70,200000,200000,999,999,200,100,1684,1387,567,987,99,10,120,5,0,100,100,100,100,100,100,100,20,0,0,20,20,20,20,0,20,0,0,0,20,0,50,50,50,50,50,0,0,0,0,0,0,0,0,9999,0,9999,0,1.0,1.0,MEGS,Loa Erebonius,"A shadow of the Great Power
which appeared on the 
Otherworldly Battlefield.
Carries out the Final Trial."
npc005,C_NPC005,npc005,1.0,1.7999999523162842,0.5,0.0,6.0,2,1,0,23,14500,15000,500,500,200,50,466,438,225,280,99,8,77,6,320,100,100,100,100,100,100,100,100,100,100,100,100,100,100,20,100,100,20,100,50,0,100,50,50,50,50,9,9,9,9,7,7,7,30,5,100,9999,0,1.0,1.0,MEGS,Patrick,"Third son of Marquis Hyarms.
Exceptionally skilled with a
sword thanks to his high-
quality education."
npc018,C_NPC018,npc018,1.0,1.7999999523162842,0.5,0.0,6.0,2,1,0,60,87000,87000,500,500,200,100,1440,1110,512,640,99,30,108,6,0,100,100,100,100,100,100,100,50,0,0,0,0,50,50,0,50,50,0,50,0,0,50,50,10,10,50,0,0,0,0,0,0,0,0,9999,0,9999,0,1.0,1.0,MEGUS,C,"A mysterious masked man who
leads the terrorists. Wields
a double saber with immense
skill, using varied attacks."
npc018_c00,C_NPC018,npc018,1.0,1.7999999523162842,0.5,0.0,6.0,2,1,0,61,100000,100000,999,999,200,100,1445,1115,517,645,99,30,108,6,4400,100,100,100,100,100,100,100,50,0,0,0,0,50,50,0,50,50,0,50,0,0,50,50,10,10,50,60,60,60,60,50,50,50,150,9999,0,9999,0,1.0,1.0,MEGS,C,"A mysterious masked man who 
leads the Imperial Liberation
Front. Wields a double saber
with immense skill."
npc019,C_NPC019,npc019,1.0,1.7999999523162842,0.5,0.0,6.0,6,1,0,30,20600,20600,999,999,200,50,561,479,227,283,75,7,84,6,800,100,100,100,100,100,100,100,100,100,100,100,100,100,100,0,100,50,0,100,0,0,100,50,50,50,50,18,18,18,18,15,15,15,60,9999,0,9999,0,1.0,1.0,MEGS,G (Gideon),"A man belonging to an unknown
organization who hired the
jaeger dropouts. Supports
allies with high-level arts."
npc020,C_NPC020,npc020,1.0,1.7999999523162842,0.5,1.2000000476837158,6.0,2,1,0,52,84000,84000,999,999,200,100,905,899,430,510,94,7,90,6,1680,100,100,100,100,100,100,100,100,100,100,100,100,100,100,0,100,0,0,100,20,0,50,50,50,50,10,50,50,50,50,40,40,40,130,9999,0,9999,0,1.0,1.0,MEGS,S (Scarlet),"A bewitching Imperial 
Liberation Front executive.
Torments and slaughters 
foes with a templar sword."
npc021,C_NPC021,npc021,1.0,1.7999999523162842,0.5,0.0,6.0,6,3,0,60,129560,129560,650,650,200,100,1312,1000,661,823,79,8,99,6,2800,100,100,100,100,100,100,100,100,0,100,100,50,50,50,0,0,0,0,0,10,0,100,50,10,10,100,55,55,55,55,45,45,45,140,9999,0,9999,0,1.0,1.0,MEGS,V (Vulcan),"One of the Imperial Liberation
Front's executives. Consumed
by hatred as he slaughters
foes with a huge gatling gun. "
npc029,C_NPC029,npc029,1.0,1.7999999523162842,0.5,0.0,6.0,2,1,0,80,50000,50000,500,500,200,200,1550,1077,943,1015,99,15,110,6,0,100,100,100,100,100,100,100,0,0,0,0,0,0,0,0,0,0,0,0,0,0,0,10,10,10,10,0,0,0,0,0,0,0,0,9999,0,9999,0,1.0,1.0,MEGYS,Viscount Arseid,"The Arseid school's foremost
practitioner known as the
Radiant Blademaster. Wields a
sword with inhuman strength."
npc030,C_NPC030,npc030,1.0,1.7999999523162842,0.5,0.0,6.0,2,1,0,50,49900,49900,500,500,200,100,1074,966,434,502,60,32,94,6,1300,100,100,100,100,100,100,100,50,0,0,50,0,50,50,0,0,0,0,50,0,0,50,50,10,10,50,25,25,25,25,22,22,22,75,9999,0,9999,0,1.0,1.0,MEGS,Butler Klaus,"An elderly butler who serves
Viscount Arseid. Serves as 
acting master of the Arseid
school."
npc054,C_NPC054,npc054,1.0,1.7999999523162842,0.5,0.0,6.0,5,1,0,12,1663,1663,0,0,200,0,239,186,0,117,38,2,60,6,55,100,100,100,100,100,100,100,100,100,100,100,100,100,100,100,100,100,100,100,100,0,100,50,50,50,50,3,3,3,3,2,2,2,4,1,50,3,50,1.0,1.0,MES,Fake Park Ranger,"A fake park ranger at Lunaria
Nature Park, responsible for
the burglary at the market.
Equipped with a rifle."
npc056,C_NPC056,npc056,1.0,1.7999999523162842,0.5,0.0,6.0,2,1,0,22,11000,11000,500,500,200,50,433,411,157,247,78,7,70,6,80,100,100,100,100,100,100,100,100,100,100,100,100,100,100,50,100,100,50,100,100,0,100,100,100,100,100,8,8,8,8,5,5,5,20,1,100,9999,0,1.0,1.0,MEGS,Noble Student,"A member of Class I who spends
time around Patrick. Seeks to
demonstrate the spirit and
dignity of the nobility."
npc057,C_NPC057,npc056,1.0,1.7999999523162842,0.5,0.0,6.0,2,1,0,22,11000,11000,500,500,200,50,433,411,157,247,78,7,70,6,80,100,100,100,100,100,100,100,100,100,100,100,100,100,100,50,100,100,50,100,100,0,100,100,100,100,100,8,8,8,8,5,5,5,20,7,100,9999,0,1.0,1.0,MEGS,Noble Student,"A member of Class I who spends
time around Patrick. Seeks to
demonstrate the spirit and
dignity of the nobility."
npc058,C_NPC058,npc056,1.0,1.7999999523162842,0.5,0.0,6.0,2,1,0,22,11000,11000,500,500,200,50,433,411,157,247,78,7,70,6,80,100,100,100,100,100,100,100,100,100,100,100,100,100,100,50,100,100,50,100,100,0,100,100,100,100,100,8,8,8,8,5,5,5,20,22,100,9999,0,1.0,1.0,MEGS,Noble Student,"A member of Class I who spends
time around Patrick. Seeks to
demonstrate the spirit and
dignity of the nobility."
npc170,C_NPC170_C99,npc170,1.0,1.7999999523162842,0.5,0.0,6.0,2,1,0,31,3913,3913,0,0,200,50,399,415,0,330,36,22,74,7,0,100,100,100,100,100,100,100,100,100,100,100,100,100,100,100,100,100,100,100,100,100,100,100,100,100,100,0,0,0,0,0,0,0,0,9999,0,9999,0,1.0,1.0,ECS,Alan,"A first-year student belonging
to the Fencing Club. What he
lacks in skill he makes up for
with determination."
npc350,C_NPC350,npc350,1.0,1.7999999523162842,0.5,0.0,6.0,5,1,0,20,4800,4800,0,0,200,100,435,475,0,219,43,7,70,6,88,100,100,100,100,100,100,100,100,100,100,100,100,100,100,100,100,100,50,100,100,0,100,50,50,50,50,4,4,4,4,3,3,3,8,1,30,4,30,1.0,1.0,MEGS,P. Army Soldier,"An elite soldier belonging to
the Kreuzen Provincial Army.
Well trained and proud."
npc350_c00,C_NPC350_C00,npc350,1.0,1.7999999523162842,0.5,0.0,6.0,5,1,0,20,3500,3500,0,0,200,100,420,350,0,180,43,7,70,6,88,100,100,100,100,100,100,100,100,100,100,100,100,100,100,100,100,100,50,100,100,0,100,50,50,50,50,0,0,0,0,0,0,0,0,4,20,9999,0,1.0,1.0,MEGS,P. Army Soldier,"An elite soldier belonging to
the Kreuzen Provincial Army.
Well trained and proud."
npc370,C_NPC370,npc370,1.0,1.7999999523162842,0.5,0.0,6.0,5,1,0,50,16000,16000,880,880,200,50,825,719,365,410,57,7,83,6,226,100,100,100,100,100,100,100,100,100,100,100,100,100,100,20,100,100,20,100,100,0,100,50,50,50,50,9,9,9,9,8,8,8,32,22,50,7,50,1.0,1.0,MEGS,Terrorist - Gun,"An Imperial Liberation Front
member equipped with a small
automatic rifle. Believes that
the end justifies the means."
npc370_c00,C_NPC370_C00,npc370_c00,1.0,1.7999999523162842,0.5,0.0,6.0,2,1,0,50,16000,16000,880,880,200,50,855,719,365,410,57,7,83,6,226,100,100,100,100,100,100,100,100,100,100,100,100,100,100,20,100,100,20,100,100,0,100,50,50,50,50,10,10,10,10,7,7,7,32,1,50,4,50,1.0,1.0,MEGS,Terrorist - Sword,"An Imperial Liberation Front
member. Driven by loathing for
Chancellor Osborne, and fights
using a sword."
npc370_c01,C_NPC370,npc370,1.0,1.7999999523162842,0.5,0.0,6.0,5,1,0,59,24800,24800,990,990,200,50,931,841,451,499,64,7,93,6,315,100,100,100,100,100,100,100,100,100,100,100,100,100,100,20,100,100,20,100,100,0,100,50,50,50,50,11,11,11,11,10,10,10,50,2,50,7,50,1.0,1.0,MEGS,Terrorist - Gun,"An Imperial Liberation Front
member equipped with a small
automatic rifle. Believes that
the end justifies the means."
npc370_c02,C_NPC370_C00,npc370_c00,1.0,1.7999999523162842,0.5,0.0,6.0,2,1,0,59,24800,24800,990,990,200,50,962,841,451,499,64,7,93,6,315,100,100,100,100,100,100,100,100,100,100,100,100,100,100,20,100,100,20,100,100,0,100,50,50,50,50,12,12,12,12,9,9,9,50,1,50,4,50,1.0,1.0,MEGS,Terrorist - Sword,"An Imperial Liberation Front
member. Driven by loathing for
Chancellor Osborne, and fights
using a sword."
npc389,C_NPC389,npc389,1.0,1.7999999523162842,0.5,0.0,6.0,5,1,0,29,12800,12800,300,300,200,50,524,434,190,255,40,3,73,6,116,100,100,100,100,100,100,100,100,100,100,100,100,100,100,50,100,100,50,100,100,0,100,50,50,50,50,8,8,8,8,6,6,6,20,1,30,4,30,1.0,1.0,MEGS,Jaeger Dropout,"An armed former jaeger hired
by Gideon. Lives the lifestyle
of a mercenary, risking his
life for mira."
npc600,C_NPC600,npc600,1.0,7.0,3.0,0.0,4.0,1,1,0,80,500,500,0,0,0,0,55,100,0,0,55,0,30,3,0,100,100,100,100,100,100,100,100,100,100,100,100,100,100,100,100,100,100,100,100,100,100,100,100,100,100,0,0,0,0,0,0,0,0,9999,0,9999,0,1.0,1.0,MES,Ashen Knight,Ashen Knight
npc601,C_NPC601,npc601,1.0,7.0,2.0,10.0,4.0,1,1,0,80,200000,200000,0,0,0,0,5100,10000,0,0,99,0,110,0,0,100,100,100,100,100,100,100,0,0,0,0,0,0,0,0,0,0,0,0,0,0,0,50,50,50,50,0,0,0,0,0,0,0,0,9999,0,9999,0,1.0,1.0,METS,Azure Knight,"Knight by the name of Ordine, 
with Crow as its Awakener. 
Fights with a double saber,
completely free of hesitation."
npc607,C_NPC607,npc607,1.0,5.0,3.0,0.0,4.0,7,1,0,65,120000,120000,0,0,0,0,1775,1925,0,1550,80,0,110,3,0,100,100,100,100,100,100,100,0,0,0,0,0,0,0,0,0,0,0,0,0,0,0,50,50,50,50,0,0,0,0,0,0,0,0,9999,0,9999,0,1.0,1.0,MEGS,Drakkhen,"A giant humanoid weapon made
by Reinford's 5th Development
Division. Mobile and strong,
it revolutionizes warfare."
npc607_c00,C_NPC607_C00,npc607_c00,1.0,5.0,3.0,0.0,4.0,1,1,0,65,120000,120000,0,0,0,0,55,100,0,0,55,5,30,3,0,100,100,100,100,100,100,100,100,100,100,100,100,100,100,100,100,100,100,100,100,100,100,100,100,100,100,0,0,0,0,0,0,0,0,9999,0,9999,0,1.0,1.0,MES,Drakkhen,"A giant humanoid weapon made
by Reinford's 5th Development
Division. Mobile and strong,
it revolutionizes warfare."
npc607_c01,C_NPC607_C01,npc607_c01,1.0,5.0,3.0,0.0,4.0,1,1,0,65,120000,120000,0,0,0,0,55,100,0,0,55,5,30,3,0,100,100,100,100,100,100,100,100,100,100,100,100,100,100,100,100,100,100,100,100,100,100,100,100,100,100,0,0,0,0,0,0,0,0,9999,0,9999,0,1.0,1.0,MES,Drakkhen,"A giant humanoid weapon made
by Reinford's 5th Development
Division. Mobile and strong,
it revolutionizes warfare."
npc608,C_NPC608,npc608,1.0,5.0,3.0,0.0,4.0,7,1,0,70,130000,130000,0,0,0,0,2000,1950,0,1550,99,5,120,3,0,100,100,100,100,100,100,100,0,0,0,0,0,0,0,0,0,0,0,0,0,0,0,50,50,50,50,0,0,0,0,0,0,0,0,9999,0,9999,0,1.0,1.0,MEGUS,Spiegel,"A special Soldat operated by
Scarlet. Uses reactive armor
to nullify enemy attacks."
npc608_c00,C_NPC608_C00,npc608_c00,1.0,5.0,3.0,0.0,4.0,1,1,0,65,500,500,0,0,0,0,55,100,0,0,55,5,30,3,0,100,100,100,100,100,100,100,100,100,100,100,100,100,100,100,100,100,100,100,100,100,100,100,100,100,100,0,0,0,0,0,0,0,0,9999,0,9999,0,1.0,1.0,MES,Spiegel,"A special Soldat operated by
Scarlet. Equipped with heavy
weaponry designed to be able
to destroy tanks."
npc608_c01,C_NPC608_C01,npc608_c01,1.0,5.0,3.0,0.0,4.0,1,1,0,65,500,500,0,0,0,0,55,100,0,0,55,5,30,3,0,100,100,100,100,100,100,100,100,100,100,100,100,100,100,100,100,100,100,100,100,100,100,100,100,100,100,0,0,0,0,0,0,0,0,9999,0,9999,0,1.0,1.0,MES,Spiegel,"A special Soldat operated by
Scarlet. Equipped with heavy
weaponry designed to be able
to destroy tanks."
npc608_c02,C_NPC608,npc608_c02,1.0,5.0,2.0,0.0,4.0,1,1,0,70,130000,130000,0,0,0,0,5000,8000,0,0,99,0,100,0,0,100,100,100,100,100,100,100,0,0,0,0,0,0,0,0,0,0,0,0,0,0,0,100,100,100,100,0,0,0,0,0,0,0,0,9999,0,9999,0,1.0,1.0,METS,Spiegel,"A special Soldat operated by
Scarlet. Uses reactive armor
to nullify enemy attacks."
npc608_p00,0,0,1.0,1.5,1.0,0.0,0.0,0,0,0,0,0,0,0,0,0,0,0,0,0,0,0,0,0,0,0,0,0,0,0,0,0,0,0,0,0,0,0,0,0,0,0,0,0,0,0,0,0,0,0,0,0,0,0,0,0,0,0,0,0,9999,0,9999,0,0.0,0.0,MXAS,Arm,--
npc608_p01,0,0,1.0,1.5,1.0,0.0,0.0,0,0,0,0,0,0,0,0,0,0,0,0,0,0,0,0,0,0,0,0,0,0,0,0,0,0,0,0,0,0,0,0,0,0,0,0,0,0,0,0,0,0,0,0,0,0,0,0,0,0,0,0,0,9999,0,9999,0,0.0,0.0,MXAS,Body,--
npc608_p02,0,0,1.0,1.5,1.0,0.0,0.0,0,0,0,0,0,0,0,0,0,0,0,0,0,0,0,0,0,0,0,0,0,0,0,0,0,0,0,0,0,0,0,0,0,0,0,0,0,0,0,0,0,0,0,0,0,0,0,0,0,0,0,0,0,9999,0,9999,0,0.0,0.0,MXAS,Head,--
mon988,C_MON004,mon988,1.0,1.100000023841858,0.5,0.0,4.0,1,1,0,99,1024,1024,500,500,200,100,97,78,100,50,55,7,49,4,9999,50,100,150,200,150,100,50,100,150,200,150,100,50,100,150,200,150,100,50,100,150,200,400,200,100,50,8,4,2,1,0,1,2,0,0,30,1,10,0.8999999761581421,1.2999999523162842,MS,Enemy,"A generic enemy for debug
purposes. Completely average."
mon989,C_MON091,mon989,1.0,2.0,2.0,0.0,4.0,6,1,0,99,2048,2048,500,500,200,100,128,128,100,50,55,6,47,6,9999,50,120,100,150,100,100,100,100,100,100,100,100,100,100,100,100,100,100,100,100,100,100,50,400,200,10,12,12,12,12,12,12,12,15,0,30,1,10,0.8999999761581421,1.100000023841858,MS,Strong Enemy,"A generic strong enemy for
debug purposes. Reckless type."
mon990,C_MON095,mon990,1.0,7.5,5.0,0.0,1.0,100,1,0,99,4875,4875,500,500,200,100,180,150,100,150,60,5,45,0,9999,25,150,25,50,100,100,100,100,100,100,100,100,100,100,100,100,100,100,100,100,100,100,10,10,10,10,30,30,30,30,30,30,30,30,0,30,1,10,1.0,1.0,MS,Boss,"A generic boss enemy for debug
purposes. A mass of bones that
would make dogs happy."
mon991,C_MON991,mon991,1.0,1.0,1.0,0.0,1.0,1,1,0,8,512,512,0,0,0,0,55,41,0,10,6,6,30,4,128,100,100,100,100,100,100,100,100,100,100,100,100,100,100,100,100,100,100,100,100,100,100,100,100,100,100,0,0,0,0,0,0,0,0,0,0,0,0,1.0,1.0,MS,0,0
mon992,C_MON992,mon992,1.0,1.0,1.0,0.0,1.0,1,1,0,8,512,512,0,0,0,0,55,41,0,10,6,6,30,4,128,100,100,100,100,100,100,100,100,100,100,100,100,100,100,100,100,100,100,100,100,100,100,100,100,100,100,0,0,0,0,0,0,0,0,0,0,0,0,1.0,1.0,MS,0,0
mon994,C_MON994,mon994,1.0,1.0,1.0,0.0,1.0,3,1,0,1,300,300,0,0,0,0,0,0,0,10,0,0,0,3,0,100,100,100,100,100,100,100,100,100,100,100,100,100,100,100,100,100,100,100,100,100,100,100,100,100,100,0,0,0,0,0,0,0,0,0,0,0,0,1.0,1.0,MS,0,0
mon995,C_NPC608,npc608,1.0,7.0,3.0,0.0,3.5,2,1,0,7,2528,2528,100,100,100,100,55,41,55,20,30,0,20,3,100,155,200,175,145,100,100,100,80,80,80,80,80,80,80,80,80,80,80,80,80,80,100,100,100,100,100,7,7,7,7,9,9,9,0,0,100,0,0,1.0,1.0,MS,Parts Test (Body),"Body parts test character
(body)"
mon995_p00,0,0,1.0,1.5,1.0,0.0,0.0,0,0,0,0,0,0,0,0,0,0,0,0,0,0,0,0,0,0,0,0,0,0,0,0,0,0,0,0,0,0,0,0,0,0,0,0,0,0,0,0,0,0,0,0,0,0,0,0,0,0,0,0,0,0,0,0,0,0.0,0.0,MXAS,Parts Test (Part),"Body parts test character
(part)"
mon996,C_MON996,mon996,1.0,1.5,0.5,0.0,1.5,1,1,0,3,315,315,52,52,100,100,30,60,40,10,26,4,8,3,31,155,100,175,100,100,100,100,100,100,100,100,100,100,100,100,100,100,100,100,100,100,100,100,100,100,100,1,4,0,2,0,2,1,0,0,40,0,5,1.0,1.0,MS,Drome,"A mollusk known for its cold
body. Freezes small animals
with cold air before feeding
on them."
mon997,C_MON004,mon004,1.0,1.25,0.5,0.0,4.0,1,1,0,7,555,555,0,0,0,0,97,78,0,0,55,7,49,4,5000,100,100,120,100,100,100,100,100,100,100,100,100,100,100,100,100,100,100,100,100,100,100,400,0,0,0,8,4,2,1,0,1,2,0,0,30,103,30,0.8999999761581421,1.2999999523162842,MS,Crop Muncher,"A monster that devours 
crops in large groups."
mon998,C_MON998,mon998,0.75,4.0,1.6699999570846558,0.0,3.5,3,1,0,3,534,534,52,52,100,100,35,80,0,0,22,2,20,3,21,80,80,120,200,10,100,100,100,100,100,100,100,100,100,100,100,100,100,100,100,100,100,100,100,100,100,3,1,2,0,1,2,1,0,0,50,0,50,1.0,1.0,MS,Aldovoss,"A hard-shelled fiend that
appeared from deep in a mine.
Pulverizes all those who come
near with its powerful arms."
mon999,C_MON999,mon999,0.5,3.5,1.0,0.0,3.5,2,1,0,3,300,300,52,52,100,100,50,50,50,50,20,10,50,5,30,100,100,100,100,100,100,100,10,10,10,30,30,30,10,10,30,50,70,100,100,100,100,100,100,100,100,2,0,3,2,1,0,2,0,0,75,0,5,0.5,1.5,MS,Bozuonga,"Leader of a group of primates.
Swings its axe with incredible
force, summoning minions by 
roaring."
